Marque;Modele;Prix;Annee;Kilometrage;Energie;Transmission;Nombres de portes;Puissance;Nombre de places;Emission de CO2;Consommation de carburant;Couleur
Opel;Corsa;4490;2010;166200;GPL ou GNL;Manuelle;4;4;5;127;7.8;Bleu clair
Dacia;Sandero;1000;2010;210000;GPL ou GNL;Manuelle;4;5;5;153;6.5;Gris clair
Dacia;Sandero;4490;2010;139000;GPL ou GNL;Manuelle;4;5;5;153;6.5;Bleu fonce
Dacia;Sandero;2990;2010;166000;GPL ou GNL;Manuelle;4;5;5;153;6.5;Gris clair
Renault;Clio ii;3000;2007;178700;GPL ou GNL;Manuelle;4;4;5;143;5.0;Blanc
Dacia;Sandero;4490;2009;172420;GPL ou GNL;Manuelle;4;5;5;153;6.5;Gris fonce
Renault;Clio ii;5500;2010;56000;GPL ou GNL;Manuelle;4;4;5;143;6.0;Blanc
Renault;Clio iii;3990;2010;160000;GPL ou GNL;Manuelle;2;4;5;139;5.9;Noir
Dacia;Duster;9490;2014;144000;GPL ou GNL;Manuelle;4;6;5;165;7.2;Blanc
Dacia;Duster;7700;2014;113000;GPL ou GNL;Manuelle;4;6;5;165;7.2;Gris clair
Dacia;Sandero;3990;2010;145000;GPL ou GNL;Manuelle;4;5;5;153;6.5;Blanc
Citroen;Saxo;2690;2000;151100;GPL ou GNL;Manuelle;2;4;5;141;8.5;Blanc
Dacia;Sandero;5790;2009;101050;GPL ou GNL;Manuelle;4;5;5;153;6.5;Rouge
Fiat;Panda;4300;2009;64000;GPL ou GNL;Manuelle;2;3;2;146;6.2;Bleu clair
Dacia;Sandero;3300;2009;170120;GPL ou GNL;Manuelle;4;5;5;135;5.8;Rouge
Dacia;Sandero;9000;2018;54000;GPL ou GNL;Manuelle;4;4;5;109;4.9;Blanc
Dacia;Sandero;3990;2009;142000;GPL ou GNL;Manuelle;4;5;5;153;6.5;Blanc
Dacia;Sandero;5490;2010;87000;GPL ou GNL;Manuelle;4;5;5;153;6.5;Bleu fonce
Renault;Twingo;1990;2003;164000;GPL ou GNL;Manuelle;2;4;4;138;5.8;Blanc
Chevrolet;Spark;3200;2010;157000;GPL ou GNL;Manuelle;4;4;5;110;5.1;Bleu fonce
Dacia;Lodgy;9500;2017;135123;GPL ou GNL;Manuelle;4;6;5;139;6.1;Blanc
Fiat;Punto;4700;2010;68578;GPL ou GNL;Manuelle;4;4;5;149;6.3;Noir
Renault;Clio iii;3000;2010;184000;GPL ou GNL;Manuelle;2;4;5;139;5.9;Gris clair
Renault;Clio ii;2000;2010;165500;GPL ou GNL;Manuelle;4;4;5;143;6.0;Rouge
Renault;Clio iii;4500;2010;140000;GPL ou GNL;Manuelle;2;4;5;139;5.9;Blanc
Audi;S3;34900;2019;47000;Essence;Semi automatique;4;20;5;149;6.4;Gris fonce
Renault;Clio iv;10500;2019;62000;Essence;Manuelle;4;4;5;113;5.0;Blanc
Opel;Crossland x;15650;2019;52000;Essence;Automatique;4;7;5;113;5.6;Rouge
Volkswagen;T-roc;26990;2020;16000;Essence;Automatique;5;8;5;117;5.4;Gris clair
Citroen;C3;10300;2017;28270;Essence;Manuelle;4;4;5;109;4.7;Blanc
Peugeot;2008;13000;2018;67000;Essence;Manuelle;4;7;5;112;5.1;Gris fonce
Volvo;V40;17000;2018;102500;Essence;Manuelle;4;7;5;137;5.9;Blanc
Peugeot;308;18600;2019;46600;Essence;Automatique;4;7;5;117;5.1;Noir
Citroen;Ds3;10990;2017;60000;Essence;Manuelle;2;5;5;100;4.3;Blanc
Citroen;Ds3;10700;2017;52000;Essence;Manuelle;2;4;4;107;4.5;Noir
Peugeot;208;11500;2019;38000;Essence;Manuelle;4;4;5;105;4.6;Blanc
Peugeot;3008;20500;2018;93200;Essence;Automatique;4;9;5;129;5.7;Blanc
Nissan;Qashqai;11700;2014;105415;Essence;Manuelle;4;6;5;139;5.9;Gris fonce
Fiat;500 c;10500;2017;71030;Essence;Manuelle;2;4;4;90;3.8;Vert clair
Audi;Q2;25000;2017;90000;Essence;Semi automatique;4;8;5;119;5.2;Gris fonce
Peugeot;3008;17500;2017;75000;Essence;Manuelle;4;7;5;124;5.5;Gris clair
Citroen;C4;7900;2017;145365;Essence;Manuelle;4;7;5;110;4.8;Noir
Smart;Fortwo;7800;2014;54500;Essence;Automatique;2;5;2;114;4.9;Gris fonce
Volkswagen;Scirocco;18000;2015;106000;Essence;Automatique;2;10;4;148;6.4;Bleu fonce
Peugeot;208;8990;2018;74300;Essence;Manuelle;4;5;5;99;4.3;Gris clair
Peugeot;3008;17900;2018;39500;Essence;Automatique;4;7;5;120;5.5;Gris clair
Hyundai;I30;14400;2018;79000;Essence;Manuelle;4;7;5;124;5.4;Noir
Peugeot;208;11500;2019;64000;Essence;Manuelle;4;5;5;104;4.5;Blanc
Citroen;C3;11500;2019;41800;Essence;Manuelle;4;4;5;105;4.8;Blanc
Nissan;Juke;13900;2018;50500;Essence;Manuelle;4;6;5;128;5.7;Noir
Mini;Cooper s;17000;2015;87000;Essence;Manuelle;2;10;4;139;6.0;Rouge
Bmw;Serie 4;30000;2015;71573;Essence;Automatique;2;15;4;158;6.8;Noir
Renault;Espace;22000;2018;113500;Essence;Automatique;4;13;5;152;6.8;Noir
Peugeot;Rifter;14990;2019;112000;Essence;Manuelle;4;6;5;125;5.5;Blanc
Peugeot;3008;21000;2019;55600;Essence;Manuelle;4;7;5;113;5.0;Rouge
Peugeot;208;9500;2019;62500;Essence;Manuelle;4;4;5;105;4.6;Gris fonce
Volkswagen;Golf;16500;2014;61000;Essence;Automatique;4;7;5;124;5.3;Noir
Peugeot;2008;6000;2015;127000;Essence;Manuelle;4;4;5;114;4.9;Blanc
Mercedes;Classe gla;19000;2017;92000;Essence;Automatique;4;7;5;131;5.6;Blanc
Dacia;Sandero;6900;2019;18068;Essence;Manuelle;4;4;5;117;5.2;Bleu fonce
Bmw;Serie 1;46500;2020;22500;Essence;Automatique;4;19;5;155;6.8;Blanc
Dacia;Sandero;9990;2019;43000;Essence;Manuelle;4;4;5;117;5.2;Blanc
Nissan;Micra;4900;2015;94650;Essence;Manuelle;4;4;5;115;5.0;Gris fonce
Peugeot;2008;11700;2019;99000;Essence;Manuelle;4;7;5;112;5.1;Blanc
Mazda;Cx-3;15900;2016;92000;Essence;Automatique;4;8;5;146;6.3;Gris fonce
Kia;Picanto;10300;2018;25000;Essence;Manuelle;4;4;5;106;4.6;Rouge
Peugeot;2008;11000;2017;56000;Essence;Automatique;4;6;5;110;4.8;Gris clair
Peugeot;2008;10250;2019;62300;Essence;Manuelle;4;4;5;112;5.0;Gris clair
Volkswagen;Polo;9995;2014;106611;Essence;Manuelle;4;5;5;107;4.7;Gris fonce
Volkswagen;Up;8400;2015;17100;Essence;Automatique;2;3;4;103;4.4;Gris fonce
Renault;Captur;7500;2015;122000;Essence;Manuelle;4;5;5;113;4.9;Ivoire
Dacia;Dokker;8900;2017;142000;Essence;Manuelle;4;6;5;130;5.7;Bleu fonce
Ford;Ecosport;12500;2019;67500;Essence;Manuelle;4;6;5;120;5.3;Bleu clair
Ford;Focus;24000;2019;46500;Essence;Automatique;4;10;5;119;5.5;Gris fonce
Peugeot;3008;19990;2018;62300;Essence;Manuelle;4;7;5;113;5.0;Blanc
Citroen;C3;9490;2017;39500;Essence;Manuelle;4;4;5;107;4.6;Bleu fonce
Volkswagen;Touran;29100;2019;41000;Essence;Automatique;4;8;7;117;5.5;Gris clair
Toyota;Yaris;8790;2015;126700;Essence;Manuelle;4;5;5;114;4.9;Gris clair
Bmw;Serie 4;23900;2018;42000;Essence;Manuelle;4;10;5;149;6.5;Noir
Mercedes;Classe glc;79900;2019;59900;Essence;Automatique;4;42;5;259;11.4;Blanc
Smart;Fortwo;10000;2016;38975;Essence;Automatique;2;4;2;96;4.1;Blanc
Fiat;500;4000;2014;90108;Essence;Manuelle;2;4;4;117;5.0;Gris clair
Ford;Mustang;39900;2017;42000;Essence;Manuelle;2;21;4;184;8.2;Rouge
Renault;Captur;11500;2017;133000;Essence;Manuelle;4;6;5;125;5.5;Ivoire
Peugeot;208;8790;2014;2700;Essence;Manuelle;4;4;5;99;4.3;Rouge
Skoda;Fabia;8800;2016;95600;Essence;Manuelle;4;4;5;106;4.7;Bleu fonce
Renault;Megane iv;11500;2017;107500;Essence;Automatique;4;7;5;124;5.5;Bleu fonce
Renault;Captur;12500;2016;57400;Essence;Automatique;4;6;5;125;5.5;Blanc
Mercedes;Classe b;22490;2019;31500;Essence;Manuelle;4;8;5;124;5.4;Noir
Volkswagen;Touran;25800;2019;45000;Essence;Manuelle;4;8;7;127;5.9;Blanc
Peugeot;108;7000;2015;81800;Essence;Manuelle;2;4;4;95;4.1;Noir
Hyundai;I30;19500;2019;38000;Essence;Semi automatique;4;7;5;123;5.4;Noir
Audi;A4;18500;2016;116000;Essence;Automatique;4;10;5;126;5.6;Gris fonce
Peugeot;3008;14000;2018;106000;Essence;Automatique;4;7;5;120;5.5;Blanc
Hyundai;I10;10000;2015;53600;Essence;Manuelle;4;5;5;114;4.9;Bleu clair
Hyundai;I20;14500;2018;40000;Essence;Semi automatique;4;5;5;111;4.8;Gris fonce
Abarth;595;18600;2019;52000;Essence;Semi automatique;2;9;4;145;5.8;Gris fonce
Fiat;Panda;8800;2019;19500;Essence;Manuelle;4;4;5;116;5.4;Blanc
Volkswagen;Touran;27000;2019;41000;Essence;Automatique;4;8;7;117;5.5;Gris clair
Jeep;Renegade;16500;2018;67000;Essence;Automatique;4;8;5;137;5.9;Noir
Suzuki;Jimny;20500;2015;45000;Essence;Manuelle;2;6;4;162;7.1;Gris fonce
Renault;Scenic iv;18900;2018;60000;Essence;Manuelle;4;9;5;122;5.4;Vert clair
Alfa romeo;Mito;15300;2018;77000;Essence;Semi automatique;2;9;4;124;5.4;Noir
Skoda;Fabia;9990;2019;90000;Essence;Manuelle;4;4;5;111;4.9;Blanc
Citroen;C3;5900;2016;108400;Essence;Manuelle;4;4;5;102;4.4;Gris clair
Volkswagen;Golf;15290;2019;42743;Essence;Manuelle;4;6;5;104;4.7;Blanc
Audi;A3;18500;2016;88500;Essence;Manuelle;4;7;5;122;5.3;Gris fonce
Opel;Mokka;14500;2017;90000;Essence;Manuelle;4;8;5;140;6.0;Marron
Kia;Rio;13000;2020;47000;Essence;Manuelle;4;5;5;109;4.8;Blanc
Dacia;Sandero;4900;2014;95000;Essence;Manuelle;4;5;5;135;5.8;Blanc
Audi;A3;21950;2016;55668;Essence;Manuelle;2;8;4;114;4.9;Bleu fonce
Audi;Tt;24950;2018;84125;Essence;Manuelle;2;10;2;138;5.9;Gris fonce
Citroen;Ds3;7700;2017;109500;Essence;Manuelle;2;4;5;104;4.5;Gris clair
Mercedes;Classe gla;20000;2014;22000;Essence;Automatique;4;8;5;138;5.9;Blanc
Bmw;Serie 1;13500;2015;119000;Essence;Manuelle;4;10;5;132;5.7;Blanc
Citroen;C5 aircross;20000;2019;51800;Essence;Manuelle;4;7;5;118;5.3;Blanc
Mercedes;Classe a;19000;2017;95400;Essence;Manuelle;4;7;5;131;5.6;Blanc
Citroen;C4 cactus;8700;2015;81000;Essence;Manuelle;4;4;5;107;4.6;Gris fonce
Peugeot;2008;13900;2018;59038;Essence;Automatique;4;6;5;110;4.8;Blanc
Toyota;C-hr;14440;2017;98400;Essence;Manuelle;4;6;5;135;5.9;Gris clair
Peugeot;208;7500;2015;50000;Essence;Manuelle;2;4;5;99;4.3;Noir
Renault;Clio iv;9000;2017;130000;Essence;Manuelle;4;5;5;105;4.7;Gris clair
Renault;Megane iv;15000;2018;40000;Essence;Manuelle;4;7;5;119;5.3;Blanc
Renault;Clio iv;8500;2016;69832;Essence;Manuelle;4;4;5;127;5.6;Gris fonce
Renault;Clio iv;9200;2016;22000;Essence;Manuelle;4;5;5;105;4.7;Blanc
Renault;Captur;11200;2016;32200;Essence;Manuelle;4;5;5;113;5.1;Gris clair
Peugeot;3008;23000;2018;72000;Essence;Automatique;4;7;5;109;4.9;Gris fonce
Nissan;370 z;31000;2014;17000;Essence;Automatique;2;23;2;254;10.9;Noir
Peugeot;208;8600;2018;69000;Essence;Manuelle;4;4;5;104;4.5;Bleu fonce
Citroen;C3 picasso;7500;2015;86400;Essence;Manuelle;4;6;5;115;5.0;Gris clair
Renault;Captur;11000;2018;105000;Essence;Manuelle;4;5;5;98;3.7;Rouge
Peugeot;308;13500;2016;45450;Essence;Automatique;4;7;5;112;4.9;Blanc
Opel;Corsa;10000;2018;105000;Essence;Manuelle;4;6;5;128;5.5;Blanc
Renault;Clio iv;7500;2016;29000;Essence;Manuelle;4;4;5;127;5.6;Blanc
Peugeot;208;9500;2017;86000;Essence;Manuelle;4;5;5;99;4.3;Bleu fonce
Mercedes;Classe gla;34300;2016;102500;Essence;Automatique;4;26;5;172;7.4;Blanc
Renault;Twingo iii;11000;2019;8000;Essence;Manuelle;4;4;4;100;4.4;Blanc
Mercedes;Classe a;19990;2017;61000;Essence;Automatique;4;6;5;126;5.4;Gris clair
Bmw;Serie 1;15500;2017;61300;Essence;Manuelle;4;6;5;116;5.0;Noir
Citroen;C4;8500;2017;73000;Essence;Manuelle;4;6;5;112;4.8;Gris clair
Renault;Clio iv;9790;2016;85600;Essence;Manuelle;4;5;5;105;4.7;Gris fonce
Renault;Clio iv;12000;2019;22000;Essence;Manuelle;4;4;5;114;5.0;Blanc
Volkswagen;T-roc;21800;2020;50000;Essence;Manuelle;4;8;5;117;5.4;Bleu fonce
Renault;Twingo iii;9500;2017;61000;Essence;Manuelle;4;4;4;99;4.3;Gris fonce
Audi;A1;14000;2017;73500;Essence;Manuelle;4;5;4;97;4.2;Blanc
Opel;Crossland x;14500;2018;57000;Essence;Manuelle;4;6;5;111;4.9;Rouge
Peugeot;2008;8500;2015;137000;Essence;Manuelle;4;5;5;103;4.4;Gris clair
Citroen;C3;12000;2019;38000;Essence;Manuelle;4;4;5;108;5.0;Gris fonce
Peugeot;3008;18000;2018;70000;Essence;Manuelle;4;7;5;117;5.2;Blanc
Citroen;C4;11990;2016;57460;Essence;Manuelle;4;6;5;112;4.8;Gris clair
Citroen;Ds3;9990;2015;106000;Essence;Manuelle;2;5;5;104;4.5;Noir
Citroen;Ds7;27500;2019;57000;Essence;Automatique;4;9;5;119;5.2;Blanc
Mazda;Mazda3;10500;2015;146000;Essence;Manuelle;4;6;5;119;5.1;Noir
Fiat;500 x;14990;2018;59000;Essence;Automatique;4;7;5;133;5.7;Gris fonce
Citroen;C3;10800;2018;49000;Essence;Manuelle;4;4;5;109;4.7;Blanc
Citroen;C3;119000;2018;54000;Essence;Manuelle;4;4;5;109;4.7;Rouge
Fiat;500;13290;2019;38000;Essence;Manuelle;2;4;4;107;4.7;Bleu fonce
Renault;Megane iv;18400;2019;49000;Essence;Automatique;4;8;5;127;5.6;Noir
Citroen;C3 aircross;14300;2018;73500;Essence;Manuelle;4;7;5;119;5.3;Blanc
Opel;Mokka;13500;2018;76000;Essence;Manuelle;4;8;5;140;6.0;Gris fonce
Renault;Talisman;14900;2017;51400;Essence;Automatique;4;8;5;127;5.6;Gris clair
Peugeot;5008;5900;2016;210000;Essence;Manuelle;4;7;7;124;5.4;Gris clair
Peugeot;2008;13000;2019;35000;Essence;Automatique;4;6;5;114;5.5;Gris clair
Citroen;C3;11700;2019;48000;Essence;Manuelle;4;4;5;105;4.8;Blanc
Opel;Meriva;7490;2015;133000;Essence;Manuelle;4;6;5;127;5.4;Bleu fonce
Porsche;Macan;81490;2019;45000;Essence;Semi automatique;4;25;5;204;8.9;Noir
Peugeot;3008;20990;2019;81000;Essence;Manuelle;4;7;5;115;4.9;Blanc
Mercedes;Classe a;21490;2017;89950;Essence;Automatique;4;8;5;126;5.4;Gris fonce
Porsche;Cayenne;58900;2014;64500;Essence;Automatique;4;43;5;267;11.5;Gris fonce
Renault;Megane iv estate;10000;2016;92600;Essence;Manuelle;4;7;5;119;5.4;Bleu fonce
Mercedes;Classe gla;29600;2019;35900;Essence;Automatique;4;9;5;142;6.4;Gris clair
Mercedes;Classe glc;48000;2019;38000;Essence;Automatique;4;13;5;171;7.5;Noir
Bmw;Serie 3;18000;2017;94000;Essence;Automatique;4;7;5;122;5.2;Gris fonce
Mercedes;Classe e;30900;2015;55000;Essence;Automatique;2;10;4;153;6.7;Noir
Maserati;Quattroporte;49500;2016;111000;Essence;Automatique;4;44;5;250;10.7;Noir
Mini;Cooper;14300;2015;79500;Essence;Manuelle;2;7;4;107;4.6;Rouge
Lamborghini;Aventador;550000;2015;48000;Essence;Semi automatique;2;68;2;370;16.0;Jaune
Renault;Laguna;1000;2021;224000;Essence;Manuelle;4;7;5;177;7.5;Gris clair
Renault;Megane iv;18500;2020;37000;Essence;Manuelle;4;6;5;120;5.3;Bleu fonce
Smart;Fortwo;6450;2016;75418;Essence;Manuelle;2;4;2;97;4.2;Blanc
Porsche;Panamera;37990;2010;130000;Essence;Semi automatique;4;30;4;254;10.8;Bleu
Mini;Cooper s;10900;2007;115000;Essence;Automatique;2;11;4;221;9.2;Noir
Audi;S5;44900;2017;70000;Essence;Automatique;2;24;4;181;8.0;Gris fonce
Ford;Focus;8990;2016;159000;Essence;Manuelle;4;5;5;99;4.3;Marron
Chevrolet;Matiz;3990;2009;91900;Essence;Manuelle;4;4;5;119;5.2;Blanc
Kia;Picanto;7500;2017;10775;Essence;Manuelle;4;4;5;101;4.4;Rouge
Renault;Clio iv;9950;2020;38009;Essence;Manuelle;4;5;5;114;5.0;Rouge
Peugeot;208;7990;2016;87110;Essence;Manuelle;4;4;5;99;4.5;Blanc
Audi;Q2;28990;2018;55000;Essence;Semi automatique;4;11;5;144;6.3;Gris
Nissan;Juke;16990;2020;70000;Essence;Automatique;4;6;5;113;4.9;Gris fonce
Audi;Q2;17990;2018;68500;Essence;Manuelle;4;6;5;110;5.2;Blanc
Renault;Grand scenic iv;22000;2020;37800;Essence;Automatique;4;7;7;132;5.8;Beige
Citroen;Ds7;29000;2019;66500;Essence;Automatique;4;10;5;134;5.9;Blanc
Peugeot;208;9490;2016;58744;Essence;Manuelle;2;5;5;99;4.3;Gris fonce
Nissan;Qashqai;10490;2012;130900;Essence;Automatique;4;7;5;149;6.4;Noir
Peugeot;Rcz;9990;2010;162200;Essence;Manuelle;2;9;4;155;6.7;Gris fonce
Volkswagen;Golf;18800;2019;67500;Essence;Manuelle;4;6;5;108;5.0;Gris fonce
Renault;Clio iv;9750;2013;59998;Essence;Automatique;4;6;5;120;5.2;Rouge
Mini;One;9500;2012;67000;Essence;Manuelle;2;5;4;121;5.2;Gris clair
Audi;A3;21500;2016;109000;Essence;Semi automatique;4;10;5;132;5.9;Gris clair
Porsche;911 (996);85000;2004;87179;Essence;Automatique;2;37;2;345;14.2;Bleu clair
Renault;Captur;8950;2014;66100;Essence;Manuelle;4;5;5;113;4.9;Gris clair
Peugeot;308;21990;2018;80397;Essence;Manuelle;4;16;5;139;6.0;Rouge
Renault;Twingo ii;5190;2010;120000;Essence;Manuelle;2;5;4;135;5.7;Noir
Peugeot;207;5890;2009;107000;Essence;Manuelle;2;5;5;150;6.3;Blanc
Peugeot;207;6190;2008;101000;Essence;Manuelle;4;7;5;145;6.1;Bleu fonce
Peugeot;207;6390;2009;96000;Essence;Manuelle;4;7;5;145;6.1;Gris fonce
Renault;Twingo ii;6490;2013;82000;Essence;Manuelle;2;4;4;120;5.10;Rouge
Renault;Twingo ii;6690;2012;68000;Essence;Manuelle;2;4;4;105;4.5;Noir
Renault;Twingo ii;6990;2014;44900;Essence;Manuelle;2;4;4;104;4.5;Noir
Peugeot;207 sw;6990;2009;92000;Essence;Manuelle;4;7;5;150;6.3;Gris clair
Volkswagen;Polo;8490;2011;99800;Essence;Manuelle;4;4;5;128;5.5;Noir
Volkswagen;Polo;9190;2013;84500;Essence;Manuelle;4;4;5;128;5.5;Noir
Mercedes;Classe a;21990;2019;78000;Essence;Automatique;4;8;5;118;5.2;Gris fonce
Citroen;C3;9500;2017;40616;Essence;Manuelle;4;4;5;109;4.7;Vert clair
Volkswagen;Golf;4000;2016;220000;Essence;Manuelle;4;6;5;105;4.5;Gris clair
Opel;Astra;9000;2016;160000;Essence;Manuelle;4;6;5;117;5.1;Bleu clair
Citroen;C3;5990;2016;166748;Essence;Manuelle;4;4;5;102;4.4;Mauve
Mitsubishi;Space star;1230;2004;167000;Essence;Automatique;4;7;5;192;8.2;Gris clair
Citroen;C1;7500;2017;47920;Essence;Manuelle;2;4;4;99;4.3;Blanc
Porsche;Macan;50000;2018;105000;Essence;Semi automatique;4;25;5;212;9.2;Noir
Peugeot;2008;7000;2015;124000;Essence;Manuelle;4;4;5;114;4.9;Blanc
Peugeot;3008;9900;2015;116000;Essence;Manuelle;4;7;5;115;4.9;Gris fonce
Porsche;Macan;36000;2014;215000;Essence;Semi automatique;4;29;5;213;9.2;Noir
Mercedes;Sl;37000;2012;45000;Essence;Automatique;2;22;2;226;9.7;Gris clair
Citroen;Ds3;10590;2017;60500;Essence;Manuelle;2;5;5;100;4.3;Blanc
Jeep;Renegade;16950;2018;67000;Essence;Automatique;4;8;5;137;5.9;Gris fonce
Renault;Twingo ii;5990;2013;49990;Essence;Manuelle;2;4;4;105;4.5;Blanc
Citroen;Ds3;5995;2010;131166;Essence;Manuelle;2;7;5;136;5.9;Jaune
Peugeot;207;6400;2009;110250;Essence;Manuelle;4;7;5;139;6.0;Gris fonce
Toyota;Aygo;9800;2018;13400;Essence;Manuelle;2;4;4;95;4.1;Rouge
Citroen;Ds3;8250;2012;76000;Essence;Automatique;2;7;5;153;6.7;Gris fonce
Audi;A3;16700;2013;72000;Essence;Semi automatique;4;7;5;110;4.7;Marron
Nissan;Murano;1800;2008;193000;Essence;Automatique;4;17;5;295;12.3;Bleu fonce
Renault;Megane ii;2900;2006;217000;Essence;Manuelle;4;7;5;164;6.9;Gris fonce
Renault;Captur;18900;2018;24500;Essence;Automatique;4;6;5;125;5.5;Gris clair
Renault;Kadjar;14000;2018;109000;Essence;Automatique;4;7;5;132;5.8;Bleu fonce
Volkswagen;Coccinelle ii;13990;2015;65860;Essence;Manuelle;2;6;4;125;5.4;Noir
Skoda;Octavia;18990;2014;112500;Essence;Automatique;4;13;5;149;6.4;Noir
Volkswagen;Polo;10990;2020;130183;Essence;Manuelle;4;5;5;104;4.6;Gris
Peugeot;3008;12990;2019;150507;Essence;Manuelle;4;7;5;113;5.0;Bleu
Peugeot;3008;13990;2017;138744;Essence;Manuelle;4;7;5;117;5.2;Gris
Peugeot;3008;14990;2018;105533;Essence;Manuelle;4;7;5;117;5.2;Blanc
Alfa romeo;Mito;8490;2014;65000;Essence;Manuelle;2;4;4;134;5.8;Noir
Mercedes;Classe s;16690;2007;248010;Essence;Automatique;4;44;5;329;14.1;Noir
Opel;Corsa;3990;2008;199800;Essence;Manuelle;4;5;5;146;6.1;Rouge
Seat;Leon;11450;2011;173365;Essence;Manuelle;4;17;5;190;8.1;Noir
Opel;Astra;11490;2020;70000;Essence;Manuelle;4;6;5;99;4.3;Gris clair
Alfa romeo;Mito;6990;2017;83000;Essence;Manuelle;2;5;4;130;5.6;Blanc
Peugeot;308;15490;2018;157444;Essence;Automatique;4;13;5;133;5.7;Blanc
Opel;Astra;10990;2017;117121;Essence;Manuelle;4;6;5;117;5.1;Gris
Porsche;Cayman;32800;2008;123400;Essence;Automatique;2;16;2;242;10.1;Noir
Audi;S5;34500;2009;148000;Essence;Automatique;2;26;4;256;10.8;Noir
Porsche;Cayman;41800;2011;98900;Essence;Automatique;2;17;2;214;9.1;Noir
Peugeot;3008;20990;2019;56000;Essence;Automatique;4;10;5;128;5.6;Gris
Audi;S1;22990;2014;85000;Essence;Manuelle;4;14;4;168;7.2;Blanc
Mercedes;Classe cla;22990;2019;61000;Essence;Automatique;4;9;5;142;6.2;Noir
Mercedes;Classe a;31990;2016;88000;Essence;Automatique;4;26;5;162;6.9;Blanc
Peugeot;308;18990;2016;75500;Essence;Manuelle;4;16;5;139;6.0;Blanc
Volkswagen;Tiguan;18990;2018;132900;Essence;Manuelle;4;7;5;137;6.1;Noir
Peugeot;308;19990;2016;99900;Essence;Manuelle;4;16;5;139;6.0;Blanc
Opel;Grandland x;15990;2019;45800;Essence;Automatique;4;7;5;115;5.2;Gris
Volkswagen;T-cross;16490;2019;72500;Essence;Manuelle;4;6;5;115;5.1;Blanc
Citroen;Ds3;13990;2017;60000;Essence;Manuelle;2;4;5;107;4.5;Blanc
Seat;Leon;11490;2015;115274;Essence;Manuelle;4;6;5;114;4.9;Gris Clair
Peugeot;3008;21990;2018;48125;Essence;Manuelle;4;7;5;117;5.2;Gris Fonce
Peugeot;3008;22490;2016;44913;Essence;Automatique;4;9;5;129;5.7;Marron
Mercedes;Classe cls;11900;2005;240000;Essence;Automatique;5;22;4;268;11.3;Gris clair
Ssangyong;Tivoli;12990;2017;58771;Essence;Manuelle;4;7;5;149;6.4;Metallise
Peugeot;208;15990;2019;34376;Essence;Automatique;4;6;5;112;4.9;Blanc
Opel;Astra;16490;2020;51212;Essence;Automatique;4;8;5;115;5.0;Gris Fonce
Porsche;Macan;59690;2016;93098;Essence;Semi automatique;4;33;5;221;9.7;Gris Fonce
Dacia;Duster;14990;2018;107344;Diesel;Automatique;4;6;5;116;4.5;Gris clair
Mercedes;Classe e;22490;2014;114500;Diesel;Automatique;4;15;5;139;5.3;Blanc
Dacia;Duster;9500;2014;134546;Diesel;Manuelle;4;6;5;127;4.8;Blanc
Seat;Ibiza;11520;2019;112800;Diesel;Manuelle;4;4;5;94;3.8;Gris clair
Citroen;C3;9950;2018;113200;Diesel;Manuelle;4;5;5;95;3.7;Noir
Dacia;Duster;9900;2014;134536;Diesel;Manuelle;4;6;5;127;4.8;Blanc
Bmw;X3;16000;2014;141000;Diesel;Manuelle;4;11;5;142;5.4;Noir
Renault;Talisman;15700;2016;120000;Diesel;Automatique;4;8;5;120;4.6;Noir
Peugeot;208;6500;2014;185000;Diesel;Manuelle;4;4;5;85;3.3;Noir
Nissan;Qashqai +2;13900;2015;75000;Diesel;Manuelle;4;5;5;99;3.8;Blanc
Mercedes;Classe a;29500;2018;20150;Diesel;Automatique;4;7;5;103;4.0;Bleu fonce
Opel;Meriva;8500;2016;169300;Diesel;Manuelle;4;7;5;116;4.4;Noir
Bmw;Serie 3;12900;2016;158000;Diesel;Manuelle;4;7;5;117;4.5;Bleu fonce
Bmw;X1;23900;2016;108000;Diesel;Automatique;4;13;5;133;5.2;Gris clair
Kia;Sportage;12800;2016;165000;Diesel;Manuelle;4;6;5;119;4.6;Noir
Citroen;Ds5;9990;2015;143000;Diesel;Automatique;4;6;5;112;4.3;Gris fonce
Peugeot;2008;12500;2017;88000;Diesel;Manuelle;4;5;5;97;3.7;Gris clair
Volkswagen;Touran;17500;2018;113500;Diesel;Automatique;4;6;5;111;4.1;Noir
Renault;Captur;14000;2018;46500;Diesel;Manuelle;4;5;5;98;3.7;Gris clair
Renault;Megane iv;14000;2016;53300;Diesel;Manuelle;4;6;5;103;4.0;Bleu clair
Fiat;Tipo;11500;2017;112000;Diesel;Manuelle;4;6;5;98;3.7;Blanc
Audi;Q5;34990;2019;83500;Diesel;Semi automatique;4;11;5;141;5.5;Gris clair
Seat;Leon;14000;2016;132000;Diesel;Automatique;4;8;5;120;4.6;Rouge
Renault;Grand scenic iii;16000;2015;100604;Diesel;Manuelle;4;7;5;114;4.4;Gris clair
Peugeot;2008;12500;2017;90000;Diesel;Manuelle;4;5;5;97;3.7;Gris clair
Peugeot;3008;15500;2017;161000;Diesel;Automatique;4;6;5;108;4.2;Blanc
Citroen;C4 picasso;9500;2015;158800;Diesel;Automatique;4;6;5;101;3.9;Blanc
Volkswagen;T-roc;22000;2019;102000;Diesel;Automatique;4;8;5;116;4.6;Rouge
Citroen;C3 picasso;8500;2017;161000;Diesel;Manuelle;4;5;5;100;3.9;Gris clair
Citroen;C4 cactus;8000;2016;191800;Diesel;Manuelle;4;4;5;82;3.1;Bordeaux
Nissan;X-trail;16000;2016;115000;Diesel;Manuelle;4;7;7;129;4.9;Noir
Mercedes;Classe cla;27800;2019;46825;Diesel;Automatique;4;9;5;119;4.6;Gris clair
Renault;Scenic iii;7900;2014;125500;Diesel;Manuelle;4;6;5;128;4.9;Gris clair
Peugeot;208;5200;2016;230000;Diesel;Manuelle;4;4;5;90;3.5;Gris fonce
Citroen;Berlingo;13600;2018;109500;Diesel;Semi automatique;4;5;5;109;4.2;Blanc
Peugeot;508;22690;2019;47500;Diesel;Automatique;4;6;5;102;3.9;Bleu fonce
Peugeot;3008;14790;2018;113500;Diesel;Automatique;4;6;5;108;4.2;Noir
Peugeot;3008;15790;2018;92500;Diesel;Automatique;4;6;5;102;4.0;Noir
Ford;C-max;10500;2016;129000;Diesel;Manuelle;4;6;5;105;4.1;Marron
Renault;Scenic iii;5300;2014;190000;Diesel;Manuelle;4;6;5;124;4.7;Gris
Peugeot;5008;7300;2016;207000;Diesel;Automatique;4;6;5;109;4.2;Blanc
Peugeot;308;12500;2015;105000;Diesel;Manuelle;2;6;4;119;4.6;Blanc
Peugeot;2008;12000;2018;80000;Diesel;Manuelle;4;5;5;97;3.7;Blanc
Ford;Fiesta;7990;2015;100000;Diesel;Manuelle;4;4;5;94;3.6;Blanc
Dacia;Dokker;11999;2018;110000;Diesel;Manuelle;4;5;5;108;4.1;Gris clair
Renault;Clio iv;6900;2018;94800;Diesel;Manuelle;4;5;2;104;4.0;Blanc
Audi;A1;20000;2017;17500;Diesel;Semi automatique;4;4;5;99;3.8;Noir
Renault;Talisman;19000;2020;70000;Diesel;Manuelle;4;8;5;120;4.6;Noir
Renault;Koleos;19000;2017;106000;Diesel;Automatique;4;10;5;163;6.2;Blanc
Audi;A3;15600;2014;155000;Diesel;Manuelle;4;8;5;127;4.9;Bleu fonce
Ford;Fiesta;10800;2017;71000;Diesel;Manuelle;4;4;5;89;3.4;Blanc
Peugeot;308;16500;2016;50000;Diesel;Manuelle;4;7;5;102;3.7;Noir
Mercedes;Classe b;12500;2014;148600;Diesel;Automatique;4;7;5;111;4.2;Argent
Jeep;Renegade;19700;2019;41000;Diesel;Semi automatique;4;6;5;118;4.5;Blanc
Renault;Talisman;17400;2016;94000;Diesel;Automatique;4;8;5;120;4.6;Noir
Alfa romeo;Giulietta;15500;2016;108782;Diesel;Semi automatique;4;9;5;113;4.4;Noir
Mercedes;Classe a;21000;2016;126100;Diesel;Automatique;4;7;5;127;4.9;Blanc
Infiniti;Q50;14900;2015;114600;Diesel;Automatique;4;9;5;124;4.8;Gris clair
Renault;Grand scenic iv;14990;2018;112700;Diesel;Manuelle;4;7;5;119;4.6;Gris fonce
Bmw;Serie 5;16900;2014;143000;Diesel;Manuelle;4;8;5;122;4.7;Blanc
Volkswagen;Golf;11100;2014;149000;Diesel;Manuelle;4;5;5;95;3.6;Beige
Renault;Scenic iii;8500;2014;118500;Diesel;Manuelle;4;5;5;105;4.1;Gris fonce
Dacia;Sandero;8900;2018;60000;Diesel;Manuelle;4;4;5;90;3.5;Noir
Renault;Talisman;10100;2017;215000;Diesel;Automatique;4;8;5;118;4.5;Noir
Peugeot;208;12500;2019;57800;Diesel;Manuelle;4;5;5;86;3.2;Noir
Jaguar;Xe;21000;2016;64000;Diesel;Automatique;4;9;5;123;4.7;Blanc
Peugeot;308;8000;2016;153000;Diesel;Manuelle;4;5;5;85;3.2;Gris fonce
Skoda;Karoq;25900;2018;61000;Diesel;Automatique;4;8;5;138;5.2;Vert fonce
Mercedes;Classe b;11600;2016;151000;Diesel;Manuelle;4;5;5;106;4.1;Gris fonce
Volkswagen;Golf;23500;2016;70000;Diesel;Automatique;4;10;5;119;4.5;Noir
Ssangyong;Rexton;53000;2019;54987;Diesel;Automatique;4;11;7;194;7.4;Vert fonce
Bmw;Serie 5;29000;2017;89000;Diesel;Automatique;4;10;5;134;5.1;Ivoire
Audi;Q3;21500;2016;109900;Diesel;Semi automatique;4;10;5;139;5.3;Gris clair
Mercedes;Classe c;17000;2014;168000;Diesel;Automatique;4;9;5;109;4.3;Gris clair
Mercedes;Classe gla;18900;2016;110580;Diesel;Manuelle;4;7;5;110;4.2;Blanc
Renault;Kadjar;15200;2019;83000;Diesel;Manuelle;4;5;5;103;3.9;Gris
Ford;Focus;12900;2017;75267;Diesel;Manuelle;4;6;5;99;3.8;Gris fonce
Mercedes;Classe a;19100;2018;85500;Diesel;Automatique;4;7;5;108;4.1;Gris clair
Nissan;Qashqai +2;10990;2015;134000;Diesel;Manuelle;4;5;5;99;3.8;Gris fonce
Audi;A5;27500;2014;53500;Diesel;Automatique;2;15;4;155;5.9;Blanc
Renault;Clio iv;6800;2015;173000;Diesel;Manuelle;4;4;5;85;3.3;Rouge
Renault;Kadjar;11200;2016;106000;Diesel;Automatique;4;5;5;99;3.8;Gris fonce
Bmw;X1;20800;2017;116760;Diesel;Automatique;4;8;5;114;4.3;Gris clair
Mercedes;Classe c;19800;2017;69000;Diesel;Automatique;4;7;5;114;4.4;Gris clair
Dacia;Duster;13600;2016;106000;Diesel;Manuelle;4;6;5;123;4.7;Bleu fonce
Renault;Scenic iv;14900;2017;86000;Diesel;Manuelle;4;7;5;116;4.5;Bleu fonce
Renault;Clio iv;8800;2018;131100;Diesel;Manuelle;4;4;5;82;3.2;Blanc
Fiat;Tipo;11500;2017;110000;Diesel;Manuelle;4;6;5;98;3.7;Bleu fonce
Audi;A4;20990;2016;101000;Diesel;Automatique;4;8;5;112;4.3;Noir
Jaguar;E-pace;32500;2019;37000;Diesel;Automatique;4;9;5;158;6.0;Gris fonce
Dacia;Duster;9800;2014;109825;Diesel;Manuelle;4;6;5;127;4.8;Gris fonce
Renault;Espace;12950;2015;150000;Diesel;Automatique;4;8;5;120;4.6;Noir
Bmw;X6;37000;2014;88000;Diesel;Automatique;4;16;4;159;6.0;Noir
Audi;Q5;19500;2014;174000;Diesel;Semi automatique;4;16;5;161;6.1;Blanc
Bmw;Serie 3;31900;2020;44000;Diesel;Automatique;4;8;5;108;4.3;Noir
Peugeot;2008;14200;2018;25000;Diesel;Manuelle;4;4;5;97;3.7;Gris fonce
Mercedes;Classe gla;16850;2017;97000;Diesel;Manuelle;4;5;5;105;4.0;Gris fonce
Opel;Corsa;9495;2016;58000;Diesel;Manuelle;4;4;5;107;4.0;Argent
Land-rover;Range rover evoque;22000;2017;140000;Diesel;Automatique;4;8;5;134;5.1;Gris
Nissan;Juke;13500;2019;76000;Diesel;Manuelle;4;6;5;123;4.5;Noir
Opel;Insignia;9800;2015;149000;Diesel;Manuelle;4;7;5;109;4.1;Blanc
Peugeot;508;19000;2019;104000;Diesel;Automatique;4;6;5;99;3.8;Blanc
Renault;Clio iv;9900;2018;153000;Diesel;Manuelle;4;4;5;85;3.3;Blanc
Peugeot;3008;18000;2018;76000;Diesel;Manuelle;4;6;5;111;4.3;Beige
Renault;Clio iv;4400;2014;192600;Diesel;Manuelle;4;6;2;95;3.6;Blanc
Mercedes;Classe a;21900;2017;65000;Diesel;Automatique;4;9;5;107;4.1;Gris clair
Citroen;C4 picasso;9200;2017;143500;Diesel;Automatique;4;6;5;103;3.9;Gris clair
Volkswagen;Amarok;26980;2015;116970;Diesel;Automatique;4;7;5;224;8.5;Noir
Bmw;X4;35000;2017;78000;Diesel;Automatique;4;20;5;157;6.0;Blanc
Peugeot;3008;12500;2017;198000;Diesel;Manuelle;4;6;2;100;3.8;Blanc
Peugeot;308;7300;2014;187000;Diesel;Manuelle;4;6;5;100;3.8;Bleu fonce
Bmw;X3;23000;2014;170000;Diesel;Automatique;4;16;5;156;5.9;Blanc
Land-rover;Range rover evoque;17000;2014;200500;Diesel;Manuelle;4;8;5;133;5.0;Noir
Land-rover;Range rover;48500;2015;93000;Diesel;Automatique;4;16;5;182;6.9;Gris
Kia;Sportage;15800;2018;90000;Diesel;Manuelle;4;6;5;126;4.8;Blanc
Ford;Mondeo;21600;2018;70000;Diesel;Manuelle;4;8;5;115;4.4;Rouge
Bmw;Serie 7;68950;2020;30500;Diesel;Automatique;4;16;5;143;5.5;Blanc
Nissan;X-trail;18000;2017;67600;Diesel;Manuelle;4;7;5;133;5.1;Vert fonce
Dacia;Duster;9500;2018;140000;Diesel;Manuelle;4;6;5;115;4.4;Blanc
Audi;A7;31500;2016;150000;Diesel;Automatique;4;21;4;162;6.1;Noir
Bmw;X6;37000;2016;107000;Diesel;Automatique;4;16;4;159;6.0;Noir
Bmw;Serie 5;22500;2015;168000;Diesel;Automatique;4;15;5;139;5.3;Brun
Peugeot;208;8500;2015;139000;Diesel;Manuelle;4;4;5;90;3.5;Blanc
Dacia;Duster;12999;2019;72500;Diesel;Manuelle;4;5;5;110;4.2;Gris fonce
Renault;Trafic;5000;2008;196600;Diesel;Manuelle;4;7;3;214;7.9;Blanc
Mini;Countryman;10990;2013;128750;Diesel;Manuelle;4;6;5;123;4.7;Bleu fonce
Peugeot;308;8750;2017;164000;Diesel;Manuelle;4;5;5;94;3.6;Gris clair
Renault;Scenic iv;15990;2017;69500;Diesel;Automatique;4;5;5;104;4.1;Blanc
Hyundai;Tucson;19480;2017;90990;Diesel;Semi automatique;4;7;5;129;4.9;Noir
Renault;Kadjar;11300;2018;142900;Diesel;Automatique;4;5;5;99;3.8;Gris fonce
Bmw;Serie 1;11500;2017;130000;Diesel;Manuelle;4;8;2;109;4.1;Blanc
Toyota;Rav 4;8490;2010;230000;Diesel;Manuelle;4;8;5;154;5.8;Bleu fonce
Opel;Corsa;6990;2014;127000;Diesel;Manuelle;2;5;5;115;4.4;Gris fonce
Mercedes;Classe cls;25400;2013;87500;Diesel;Automatique;4;11;5;139;5.3;Noir
Bmw;Serie 3;1500;2003;195000;Diesel;Manuelle;4;12;5;177;6.6;Gris clair
Toyota;Rav 4;9200;2014;180000;Diesel;Manuelle;4;7;5;127;4.9;Gris clair
Mercedes;Classe a;16489;2014;141000;Diesel;Automatique;4;7;5;116;4.4;Noir
Jeep;Compass;17500;2020;51000;Diesel;Automatique;4;10;5;166;6.3;Noir
Audi;A4;14000;2012;169000;Diesel;Automatique;4;15;5;154;5.9;Noir
Jeep;Grand cherokee;19000;2011;165000;Diesel;Automatique;4;16;5;218;8.3;Blanc
Renault;Scenic iv;10850;2017;196000;Diesel;Automatique;4;8;5;118;4.5;Jaune
Renault;Grand scenic iii;5800;2013;194000;Diesel;Manuelle;4;5;5;105;4.1;Gris fonce
Nissan;Note;7490;2014;122000;Diesel;Manuelle;4;4;5;90;3.5;Rouge
Peugeot;3008;7990;2016;174000;Diesel;Automatique;4;6;5;109;4.2;Noir
Citroen;Grand c4 picasso;10850;2016;147000;Diesel;Manuelle;4;7;7;107;4.1;Noir
Ford;Kuga;12850;2016;188000;Diesel;Automatique;4;10;5;134;5.2;Gris clair
Mercedes;Classe glc;30850;2018;116000;Diesel;Automatique;4;9;5;155;5.9;Noir
Mazda;Cx-5;15500;2017;127800;Diesel;Manuelle;4;8;5;136;5.2;Blanc
Fiat;Grande punto;1500;2007;307000;Diesel;Manuelle;4;4;5;119;4.5;Bleu clair
Chevrolet;Captiva;11500;2014;136600;Diesel;Manuelle;4;9;7;172;6.5;Noir
Audi;A2;5990;2004;117000;Diesel;Manuelle;4;4;5;116;4.3;Gris clair
Volvo;V40;12800;2015;127800;Diesel;Automatique;4;6;5;97;3.7;Gris clair
Peugeot;Partner tepee;15900;2017;77791;Diesel;Manuelle;4;5;5;109;4.1;Blanc
Opel;Grandland x;19900;2020;55597;Diesel;Automatique;4;7;5;98;4.1;Noir
Nissan;Qashqai;20900;2021;48618;Diesel;Automatique;4;6;5;109;4.1;Gris clair
Chrysler;Voyager;2300;2004;220000;Diesel;Automatique;4;10;4;221;8.4;Gris clair
Audi;Q5;14800;2012;190000;Diesel;Semi automatique;4;10;5;179;6.8;Blanc
Renault;Scenic iii;11500;2015;115000;Diesel;Manuelle;4;7;5;114;4.4;Gris clair
Dacia;Duster;13450;2016;112300;Diesel;Manuelle;4;6;5;123;4.7;Gris clair
Land-rover;Range rover evoque;23000;2019;63500;Diesel;Manuelle;4;8;5;154;5.9;Blanc
Volkswagen;Tiguan;8990;2009;206000;Diesel;Automatique;4;9;5;199;7.5;Blanc
Peugeot;4008;10990;2016;168700;Diesel;Manuelle;5;6;5;132;5.0;Blanc
Mini;Countryman;12790;2011;129914;Diesel;Automatique;4;8;5;156;5.9;Gris
Audi;Q7;38490;2015;104935;Diesel;Automatique;4;17;7;158;6.0;Bleu
Peugeot;3008;8000;2013;157200;Diesel;Semi automatique;4;6;5;110;4.2;Gris clair
Volkswagen;Golf;11990;2013;160000;Diesel;Manuelle;4;7;5;106;4.1;Noir
Toyota;Land cruiser;10990;2004;348000;Diesel;Manuelle;2;11;5;253;9.5;Blanc
Peugeot;Expert tepee;9990;2008;211103;Diesel;Manuelle;5;9;8;199;7.6;Beige clair
Citroen;C5;10990;2010;101000;Diesel;Automatique;4;10;5;179;6.9;Gris fonce
Opel;Zafira;11990;2012;119700;Diesel;Manuelle;4;9;7;139;5.3;Gris clair
Toyota;Verso;12990;2011;57850;Diesel;Automatique;4;9;5;178;6.8;Gris clair
Opel;Antara;12990;2012;46000;Diesel;Manuelle;4;10;5;177;6.7;Blanc
Alfa romeo;Spider;15990;2007;58000;Diesel;Manuelle;2;12;2;179;6.8;Gris fonce
Bmw;X1;15990;2010;104000;Diesel;Automatique;4;12;5;167;6.3;Gris fonce
Land-rover;Range rover evoque;26950;2019;69000;Diesel;Manuelle;4;8;5;143;5.4;Gris clair
Opel;Mokka;8000;2015;135600;Diesel;Manuelle;4;7;5;114;4.3;Rouge
Opel;Zafira;5100;2011;230000;Diesel;Manuelle;4;6;7;134;5.1;Gris clair
Nissan;Qashqai;9000;2014;197000;Diesel;Manuelle;4;7;5;119;4.5;Gris clair
Jeep;Cherokee;15500;2011;129500;Diesel;Manuelle;4;13;5;208;7.9;Noir
Citroen;C4 aircross;13500;2017;72000;Diesel;Manuelle;4;6;5;129;4.9;Blanc
Audi;A5;15500;2009;152900;Diesel;Semi automatique;4;15;4;174;6.6;Noir
Peugeot;Partner tepee;13990;2017;93334;Diesel;Manuelle;4;5;5;109;4.1;Gris clair
Citroen;C4;6500;2011;132000;Diesel;Manuelle;4;6;5;119;4.6;Bronze
Citroen;C2;1250;2007;315900;Diesel;Manuelle;2;4;4;113;4.3;Rouge
Peugeot;208;6600;2013;161155;Diesel;Manuelle;4;5;5;99;3.8;Rouge
Hyundai;Tucson;13500;2015;68000;Diesel;Manuelle;4;6;5;119;4.6;Blanc
Land-rover;Range sport;25000;2013;172000;Diesel;Automatique;4;19;5;199;7.5;Gris clair
Peugeot;307;3500;2005;210000;Diesel;Manuelle;4;6;5;126;4.6;Gris fonce
Mercedes;Clk;15800;2009;111000;Diesel;Automatique;2;14;2;197;7.4;Noir
Land-rover;Range rover evoque;19000;2014;81000;Diesel;Automatique;4;9;5;159;6.0;Noir
Citroen;Ds7;22000;2021;120000;Diesel;Automatique;4;7;5;106;4.0;Noir
Peugeot;307;2400;2002;200000;Diesel;Manuelle;4;6;5;138;5.2;Noir
Peugeot;308 cc;6500;2010;179000;Diesel;Manuelle;2;6;4;133;5.1;Noir
Bmw;Serie 3;7000;2006;220000;Diesel;Manuelle;2;9;4;167;6.3;Gris clair
Jeep;Renegade;13900;2017;66800;Diesel;Manuelle;4;5;5;115;4.4;Vert clair
Volkswagen;Caddy;15500;2017;91750;Diesel;Manuelle;4;5;5;127;4.6;Blanc
Opel;Meriva;1500;2011;200000;Diesel;Manuelle;4;5;5;119;4.5;Blanc
Peugeot;308;15000;2014;114500;Diesel;Automatique;4;7;5;107;4.1;Noir
Mercedes;Classe gla;18200;2016;112000;Diesel;Automatique;4;7;5;115;4.4;Gris fonce
Land-rover;Defender;21000;2007;197000;Diesel;Manuelle;2;8;2;266;10.0;Vert clair
Nissan;Navara;23700;2013;99752;Diesel;Automatique;4;10;5;250;9.5;Gris clair
Jeep;Grand cherokee;24600;2015;132183;Diesel;Automatique;4;16;5;198;7.5;Noir
Bmw;Serie 4;31990;2019;58000;Diesel;Automatique;4;10;4;118;4.8;Blanc
Peugeot;208;6990;2019;119000;Diesel;Manuelle;4;5;2;86;3.7;Blanc
Peugeot;5008;6990;2014;205000;Diesel;Manuelle;4;6;7;124;4.7;Gris fonce
Volkswagen;Tiguan;24990;2017;85000;Diesel;Automatique;4;8;5;147;5.6;Gris fonce
Peugeot;5008;20990;2018;119990;Diesel;Automatique;4;6;7;118;4.6;Noir
Ssangyong;Korando;3990;2012;149691;Diesel;Manuelle;4;8;5;147;5.8;Blanc
Peugeot;308;7300;2017;150462;Diesel;Manuelle;4;5;5;88;3.3;Gris clair
Audi;A1;8990;2012;184000;Diesel;Manuelle;4;5;5;99;3.8;Gris clair
Mercedes;Classe b;12500;2013;156000;Diesel;Manuelle;4;7;5;118;4.5;Blanc
Citroen;C3;2990;2002;185000;Diesel;Manuelle;4;4;5;110;4.2;Bleu clair
Peugeot;Partner tepee;3490;2010;297820;Diesel;Manuelle;4;6;5;150;5.7;Gris clair
Renault;Clio ii;5990;2009;94000;Diesel;Manuelle;4;4;5;115;4.4;Blanc
Bmw;Serie 5;22990;2016;211000;Diesel;Automatique;4;15;5;139;5.3;Noir
Peugeot;208;7990;2017;130046;Diesel;Manuelle;4;4;5;90;3.5;Rouge
Dacia;Sandero;8990;2014;161000;Diesel;Manuelle;4;5;5;105;4.0;Noir
Renault;Clio iv;9990;2015;133000;Diesel;Manuelle;4;4;5;90;3.6;Blanc
Renault;Scenic;2300;2003;230000;Diesel;Manuelle;4;6;5;157;5.9;Blanc
Peugeot;107;2990;2006;200000;Diesel;Manuelle;2;3;4;109;4.1;Bleu fonce
Citroen;C3 picasso;3990;2009;200000;Diesel;Manuelle;4;5;5;125;4.7;Beige
Citroen;C4 picasso;4500;2009;190000;Diesel;Semi automatique;4;8;5;157;6.1;Beige
Volvo;C30;4990;2009;200000;Diesel;Manuelle;2;6;4;119;4.5;Gris clair
Suzuki;Sx4;4990;2008;145574;Diesel;Manuelle;4;7;5;166;6.3;Gris clair
Fiat;500;4990;2007;186672;Diesel;Manuelle;2;4;4;110;4.2;Bordeaux
Bmw;Serie 1;5000;2007;200000;Diesel;Manuelle;2;7;5;123;4.7;Noir
Renault;Scenic iii;5490;2010;179000;Diesel;Manuelle;4;6;5;134;5.2;Gris fonce
Opel;Astra;5490;2011;188000;Diesel;Manuelle;4;6;5;119;4.5;Gris clair
Citroen;Grand c4 picasso;5990;2008;180000;Diesel;Semi automatique;4;8;7;155;5.9;Noir
Bmw;Serie 3;6000;2010;280000;Diesel;Manuelle;4;7;5;123;4.7;Noir
Volkswagen;Touareg;6000;2004;250000;Diesel;Automatique;4;12;5;265;9.8;Noir
Audi;A8;6500;2004;293000;Diesel;Automatique;4;19;5;259;9.6;Gris fonce
Citroen;Nemo;6890;2015;140000;Diesel;Manuelle;4;4;5;119;4.5;Blanc
Citroen;C3;7490;2017;150000;Diesel;Manuelle;4;4;5;79;3.0;Blanc
Mercedes;Classe cls;7990;2007;250000;Diesel;Automatique;4;14;4;200;7.6;Noir
Bmw;Serie 1;10990;2008;215000;Diesel;Manuelle;2;11;4;138;5.2;Noir
Audi;Sq5;39490;2016;100980;Diesel;Automatique;5;23;5;177;6.7;Noir
Peugeot;208;11990;2018;87300;Diesel;Manuelle;4;4;5;79;3.0;Gris clair
Audi;Sq5;31990;2016;101550;Diesel;Automatique;5;21;5;174;6.6;Gris clair
Volkswagen;Passat;9990;2014;221600;Diesel;Manuelle;4;7;5;120;4.6;Noir
Mercedes;Classe a;19990;2017;72600;Diesel;Automatique;4;5;5;101;3.8;Blanc
Seat;Ibiza;5999;2012;157012;Diesel;Manuelle;4;4;5;99;3.8;Gris
Peugeot;208;7490;2017;120200;Diesel;Manuelle;4;4;5;90;3.5;Rouge
Seat;Ibiza;7490;2014;178711;Diesel;Manuelle;4;5;5;109;4.2;Blanc
Mercedes;Classe glc;41999;2018;64850;Diesel;Automatique;4;11;5;143;5.4;Noir
Mercedes;Classe c;25990;2018;72600;Diesel;Automatique;4;9;5;127;4.8;Bleu
Mercedes;Classe c;27999;2017;89400;Diesel;Automatique;4;9;5;112;4.4;Bleu
Audi;Sq5;31490;2016;153400;Diesel;Automatique;4;23;5;177;6.7;Noir
Bmw;Serie 1;16499;2018;49700;Diesel;Manuelle;4;5;5;107;4.1;Marron
Peugeot;5008;16990;2019;134500;Diesel;Automatique;4;6;7;102;4.0;Bleu
Mercedes;Classe cla;20999;2016;139400;Diesel;Automatique;4;7;5;105;4.0;Gris
Audi;A3;13990;2015;197552;Diesel;Semi automatique;4;10;5;124;4.7;Noir
Peugeot;3008;17990;2019;122500;Diesel;Automatique;4;6;5;102;4.0;Gris
Land-rover;Range rover evoque;11990;2014;187000;Diesel;Manuelle;4;8;5;149;5.7;Noir
Audi;A3;12990;2014;90000;Diesel;Manuelle;4;5;5;99;3.8;Blanc
Suzuki;Vitara;12990;2016;104000;Diesel;Manuelle;4;6;5;111;4.2;Rouge
Bmw;Serie 3;13990;2015;239000;Diesel;Automatique;4;10;5;118;4.5;Noir
Land-rover;Range rover evoque;17990;2017;126000;Diesel;Manuelle;4;8;5;125;4.8;Gris
Bmw;Serie 3;19990;2013;133500;Diesel;Automatique;4;15;5;135;5.1;Gris
Mercedes;Classe c;21990;2015;64000;Diesel;Automatique;4;9;5;117;4.5;Noir
Bmw;X6;25990;2015;198000;Diesel;Automatique;4;16;5;157;6.0;Blanc
Jaguar;Xf;26990;2019;92000;Diesel;Automatique;4;10;5;137;5.3;Blanc
Ford;Kuga;14490;2018;92000;Diesel;Manuelle;4;6;5;115;4.4;Gris fonce
Opel;Grandland x;16900;2019;81000;Diesel;Automatique;4;7;5;98;4.1;Blanc
Citroen;C4 picasso;4490;2007;207536;Diesel;Automatique;5;9;5;195;7.4;Noir
Mercedes;Classe glk;22900;2013;170000;Diesel;Automatique;4;10;5;156;6.0;Gris
Citroen;C3 aircross;15499;2019;66914;Diesel;Manuelle;4;5;5;104;4.1;Rouge fonce
Nissan;Qashqai;18490;2019;64851;Diesel;Manuelle;4;6;5;105;4.0;Noir
Dacia;Logan;11299;2019;102273;Diesel;Manuelle;4;5;5;103;3.9;Gris fonce
Bmw;Serie 2;17299;2016;96688;Diesel;Automatique;4;7;5;109;4.1;Gris clair
Citroen;C4;6600;2010;87000;Diesel;Manuelle;4;6;5;125;4.7;Rouge
Volkswagen;Tiguan;9900;2009;217000;Diesel;Manuelle;4;10;5;172;6.6;Gris fonce
Renault;Megane ii cc;2000;2007;270000;Diesel;Manuelle;2;8;4;151;5.7;Gris clair
Bmw;X1;14500;2012;133000;Diesel;Manuelle;4;6;5;128;4.9;Noir
Mercedes;Classe cla;21000;2019;136532;Diesel;Automatique;4;7;5;123;4.8;Gris clair
Citroen;C2;2900;2009;215000;Diesel;Manuelle;2;4;4;113;4.3;Rouge
Bmw;Serie 3;12500;2012;66804;Diesel;Automatique;4;8;5;140;5.3;Blanc
Bmw;Serie 2;23500;2015;60000;Diesel;Automatique;2;10;4;113;4.3;Gris clair
Opel;Corsa;4300;2011;202000;Diesel;Manuelle;2;4;5;110;4.2;Noir
Dacia;Duster;5200;2011;260500;Diesel;Manuelle;4;6;5;130;5.0;Beige
Mercedes;Classe c;23255;2017;41300;Diesel;Manuelle;4;7;5;181;6.8;Noir
Renault;Kangoo;16420;2017;46000;Diesel;Manuelle;4;6;7;119;4.5;Gris clair
Peugeot;107;1999;2006;208480;Diesel;Manuelle;2;3;4;109;4.1;Noir
Renault;Twingo ii;5490;2011;78000;Diesel;Manuelle;2;4;4;94;3.6;Rouge
Citroen;C3;2490;2007;232981;Diesel;Manuelle;4;4;5;115;4.4;Marron
Kia;Carnival;2990;2007;223111;Diesel;Manuelle;4;12;7;206;7.8;Gris clair
Citroen;C4;3290;2010;212204;Diesel;Manuelle;4;5;5;106;4.2;Noir
Peugeot;206;3490;2009;196732;Diesel;Manuelle;4;4;5;112;4.3;Gris clair
Ford;Focus;4290;2011;252173;Diesel;Manuelle;4;6;5;109;4.2;Bleu fonce
Volkswagen;Polo;5990;2009;72193;Diesel;Manuelle;4;4;5;119;4.5;Gris clair
Land-rover;Range rover evoque;17990;2016;148000;Diesel;Manuelle;4;8;5;113;4.3;Bleu clair
Nissan;Qashqai +2;11990;2014;140000;Diesel;Automatique;4;7;5;119;4.6;Gris fonce
Renault;Megane iii;5490;2011;194000;Diesel;Manuelle;4;5;5;106;4.1;Gris fonce
Nissan;Qashqai;12400;2017;113000;Diesel;Manuelle;4;5;5;99;3.8;Blanc
Volkswagen;Touran;6490;2006;232824;Diesel;Automatique;4;8;7;176;6.5;Bleu fonce
Citroen;C4 picasso;8590;2013;182122;Diesel;Semi automatique;4;6;5;104;4.0;Noir
Bmw;Serie 3;10490;2014;197902;Diesel;Manuelle;4;7;5;118;4.5;Blanc
Bmw;X6;20500;2008;190000;Diesel;Automatique;4;19;4;220;8.3;Noir
Citroen;C3;7570;2015;77000;Diesel;Manuelle;4;4;5;90;3.5;Gris
Mercedes;Classe gla;18340;2014;69102;Diesel;Manuelle;4;7;5;119;4.5;Marron
Peugeot;207;4390;2011;190700;Diesel;Manuelle;4;5;5;113;4.3;Gris fonce
Volvo;V50;5900;2006;212500;Diesel;Manuelle;4;7;7;153;5.8;Gris fonce
Mercedes;Classe e;10700;2009;193000;Diesel;Automatique;4;14;5;183;7.0;Gris clair
Mazda;Mazda6;17990;2016;82100;Diesel;Automatique;5;9;5;129;4.9;Noir
Citroen;C3;2700;2009;192000;Diesel;Manuelle;4;4;5;115;4.4;Gris fonce
Hyundai;Tucson;17990;2018;100500;Diesel;Semi automatique;4;7;5;129;4.9;Blanc
Volvo;C30;2500;2007;235000;Diesel;Automatique;2;11;4;182;6.9;Gris clair
Opel;Corsa;3300;2010;127000;Diesel;Manuelle;2;4;5;117;5.0;Noir
Ford;Fiesta;7490;2016;125000;Diesel;Manuelle;4;5;5;94;3.6;Gris
Land-rover;Range sport;33990;2016;139985;Diesel;Automatique;4;16;5;182;6.9;Gris
Nissan;Qashqai;7500;2011;167500;Diesel;Manuelle;4;6;5;129;4.9;Blanc
Audi;A3;24990;2019;99850;Diesel;Semi automatique;4;8;5;117;4.5;Noir
Citroen;C4 picasso;15990;2016;133700;Diesel;Automatique;4;8;7;112;4.3;Blanc
Audi;Q7;40990;2018;125675;Diesel;Automatique;4;13;7;150;5.8;Noir
Jeep;Grand cherokee;27990;2016;90075;Diesel;Automatique;4;16;5;198;7.5;Gris
Mercedes;Classe cla;16490;2015;105600;Diesel;Manuelle;4;7;5;111;4.3;Gris
Mercedes;Classe glc;26990;2015;122825;Diesel;Automatique;4;11;5;139;5.4;Blanc
Seat;Leon;7990;2013;191200;Diesel;Manuelle;4;5;5;99;3.8;Gris
Citroen;Ds7;22990;2018;62975;Diesel;Manuelle;4;6;5;102;3.9;Gris
Audi;A4;29990;2016;113400;Diesel;Semi automatique;4;12;5;123;4.7;Noir
Bmw;Serie 7;33490;2015;90095;Diesel;Automatique;4;16;5;137;5.2;Noir
Citroen;C5 aircross;14990;2019;135200;Diesel;Manuelle;4;6;5;106;4.2;Gris
Alfa romeo;Stelvio;19990;2017;107125;Diesel;Automatique;4;10;5;124;4.7;Rouge
Volkswagen;Tiguan;24990;2017;71606;Diesel;Automatique;4;11;5;132;5.8;Gris
Renault;Megane iv;12300;2019;100000;Diesel;Manuelle;4;6;5;102;3.9;Blanc
Mini;Countryman;10600;2012;101000;Diesel;Manuelle;4;5;5;116;4.4;Noir
Volkswagen;Polo;8990;2012;64562;Diesel;Manuelle;4;4;5;99;3.8;Noir
Peugeot;207 cc;2800;2007;230000;Diesel;Manuelle;2;6;4;136;5.2;Gris fonce
Volkswagen;Passat;3450;2005;192000;Diesel;Manuelle;4;8;5;156;5.9;Gris clair
Citroen;Ds3;15990;2019;94050;Diesel;Manuelle;4;5;5;97;3.7;Gris
Audi;Q3;12990;2013;195500;Diesel;Semi automatique;4;10;5;156;5.9;Gris
Citroen;Berlingo;14990;2019;94000;Diesel;Manuelle;4;5;3;112;4.3;Blanc
Peugeot;3008;17990;2017;111000;Diesel;Automatique;4;6;5;108;4.2;Blanc
Hyundai;I40;7990;2012;174000;Diesel;Manuelle;4;7;5;134;5.1;Blanc
Renault;Kadjar;11990;2016;137000;Diesel;Manuelle;4;7;5;113;4.3;Blanc
Mercedes;Classe c;16490;2013;160000;Diesel;Automatique;4;9;5;116;4.4;Noir
Nissan;Note;3990;2008;225000;Diesel;Manuelle;4;5;5;135;5.1;Gris
Mitsubishi;Asx;6990;2010;191500;Diesel;Manuelle;4;8;5;150;5.7;Noir
Renault;Scenic iii;6990;2011;147000;Diesel;Manuelle;4;6;5;128;4.9;Gris
Bmw;Serie 3;12990;2015;207000;Diesel;Automatique;4;10;5;124;4.7;Noir
Peugeot;3008;6990;2012;172000;Diesel;Manuelle;4;6;5;130;5.0;Noir
Volvo;V70;9990;2014;283000;Diesel;Automatique;4;6;5;134;5.1;Noir
Maserati;Quattroporte;34490;2016;102000;Diesel;Automatique;4;17;5;163;6.2;Noir
Peugeot;5008;21990;2018;95000;Diesel;Automatique;4;6;7;102;4.0;Noir
Bmw;Serie 1;21990;2017;120000;Diesel;Automatique;2;12;5;121;4.6;Blanc
Bmw;Serie 3;25900;2017;87000;Diesel;Automatique;4;10;5;116;4.4 ;Gris clair
Peugeot;3008;5200;2013;208542;Diesel;Manuelle;4;6;5;125;4.8 ;Gris clair
Volkswagen;Golf;16400;2015;175400;Diesel;Automatique;4;10;5;122;4.6 ;Blanc
Seat;Altea xl;2100;2010;230000;Diesel;Manuelle;4;5;5;119;4.5 ;Gris
Ssangyong;Korando;8000;2011;104000;Diesel;Manuelle;4;10;5;157;6.0 ;Gris
Audi;A7;16900;2012;155000;Diesel;Automatique;4;11;5;135;5.1 ;Marron
Bmw;Serie 5;27890;2018;111000;Diesel;Automatique;4;10;5;108;4.1 ;Noir
Volkswagen;Tiguan;22490;2018;115000;Diesel;Automatique;4;8;5;147;5.6 ;Noir
Peugeot;308;8990;2013;170000;Diesel;Manuelle;4;4;5;105;4.0 ;Gris
Renault;Megane iii coupe;12000;2016;79500;Diesel;Manuelle;2;6;5;104;4.0 ;Blanc
Volkswagen;Golf;12990;2018;185000;Diesel;Automatique;4;6;5;104;4.0 ;Gris
Dacia;Logan;12200;2016;42000;Diesel;Manuelle;4;4;5;90;3.5 ;Gris clair
Maserati;Levante;43490;2017;136010;Diesel;Automatique;4;18;5;189;7.2 ;Noir
Dacia;Sandero;8990;2014;128000;Diesel;Manuelle;4;5;5;105;4.0 ;Bleu
Dacia;Sandero;8900;2014;127000;Diesel;Manuelle;4;5;5;105;4.0 ;Bleu clair
Volkswagen;Polo;7490;2014;188000;Diesel;Manuelle;4;4;5;88;3.4 ;Blanc
Volkswagen;Golf;5990;2010;209500;Diesel;Automatique;4;5;5;109;4.2 ;Gris
Renault;Clio iv;10990;2017;74990;Diesel;Manuelle;4;5;5;90;3.5 ;Gris
Peugeot;5008;14990;2017;135339;Diesel;Manuelle;4;6;7;108;4.2 ;Bleu
Nissan;X-trail;13990;2016;122550;Diesel;Manuelle;4;7;5;143;5.4 ;Gris
Citroen;Berlingo;8500;2017;190783;Diesel;Manuelle;4;5;3;110;4.2 ;Blanc
Renault;Megane iii coupe;5900;2010;91000;Diesel;Manuelle;2;6;5;114;4.4 ;Blanc
Citroen;C4;6000;2011;158000;Diesel;Manuelle;4;5;5;110;4.2 ;Vert clair
Peugeot;207;4990;2006;160000;Diesel;Manuelle;2;6;5;126;4.8 ;Noir
Audi;Q5;10500;2010;228466;Diesel;Semi automatique;4;10;5;179;6.8 ;Gris clair
Jeep;Compass;11490;2014;110000;Diesel;Manuelle;4;8;5;159;6.0 ;Gris fonce
Volkswagen;Tiguan;10990;2012;156741;Diesel;Manuelle;4;6;5;138;5.3 ;Noir
Renault;Megane ii;2990;2008;273025;Diesel;Manuelle;4;6;5;120;4.5 ;Beige
Bmw;Serie 3;10500;2015;234000;Diesel;Automatique;4;10;5;123;4.7 ;Gris fonce
Citroen;C3 picasso;7290;2011;125500;Diesel;Manuelle;4;5;5;112;4.2 ;Gris fonce
Land-rover;Range rover evoque;18000;2011;190000;Diesel;Automatique;4;9;5;174;6.5 ;Vert fonce
Peugeot;207;8490;2010;108285;Diesel;Manuelle;4;5;5;117;4.4 ;Blanc
Dacia;Sandero;9290;2011;85323;Diesel;Manuelle;4;5;5;130;5.0 ;Gris clair
Citroen;C3;7990;2019;90402;Diesel;Manuelle;4;5;2;86;3.4 ;Blanc
Volkswagen;Passat;26300;2018;36800;Diesel;Automatique;4;8;5;113;4.5 ;Gris clair
Bmw;Serie 2;12900;2017;166800;Diesel;Automatique;4;7;5;109;4.1 ;Noir
Land-rover;Range rover;15500;2010;238000;Diesel;Automatique;4;20;5;294;11.1 ;Beige
Opel;Antara;5490;2009;157000;Diesel;Automatique;4;10;5;238;8.6 ;Gris fonce
Citroen;Ds7;42000;2021;39000;Hybride;Automatique;4;11;5;34;1.5;Bleu fonce
Citroen;Ds4;33900;2021;39600;Hybride;Automatique;4;10;5;32;1.4;Gris clair
Peugeot;3008;8100;2014;194000;Hybride;Automatique;4;8;5;99;3.8;Noir
Toyota;Camry;28900;2019;65600;Hybride;Automatique;4;9;5;98;4.3;Marron
Ford;Mondeo;17990;2018;121000;Hybride;Automatique;4;7;5;92;4.2;Blanc
Toyota;Rav 4;23000;2017;99000;Hybride;Automatique;4;8;5;118;5.1;Gris clair
Lexus;Rx;39900;2019;63000;Hybride;Automatique;4;15;5;132;5.9;Noir
Lexus;Is;24900;2018;62000;Hybride;Automatique;4;9;5;97;4.2;Gris clair
Citroen;Ds5;17500;2015;98000;Hybride;Semi automatique;4;8;5;90;3.5;Gris fonce
Mini;Countryman;24990;2020;70000;Hybride;Automatique;4;6;5;55;2.4;Bleu fonce
Bmw;X5;36500;2018;89900;Hybride;Automatique;4;13;5;77;3.3;Gris fonce
Mercedes;Classe gle;35000;2018;93500;Hybride;Automatique;4;20;5;84;3.7;Gris fonce
Mini;Countryman;26500;2018;36100;Hybride;Automatique;4;6;5;55;2.4;Blanc
Bmw;Serie 2;19500;2017;86000;Hybride;Automatique;4;5;5;46;2.0;Gris
Mercedes;Classe c;23300;2015;110700;Hybride;Automatique;4;10;5;49;2.1;Bleu clair
Ford;Mondeo;20900;2018;40700;Hybride;Automatique;4;7;5;92;4.2;Noir
Lexus;Nx;19900;2015;158000;Hybride;Automatique;4;8;4;121;5.3;Marron
Toyota;Yaris;16200;2017;29000;Hybride;Automatique;4;3;5;82;3.6;Noir
Toyota;C-hr;19500;2017;87000;Hybride;Automatique;4;4;5;87;3.9;Gris clair
Toyota;C-hr;19700;2018;50500;Hybride;Automatique;4;4;5;86;3.8;Bleu fonce
Ford;Mondeo;21900;2018;47300;Hybride;Automatique;5;7;5;92;4.2;Blanc
Volkswagen;Touareg;19990;2010;122009;Hybride;Automatique;5;22;5;193;8.2;Vert fonce
Bmw;X5;32989;2017;93546;Hybride;Automatique;5;13;5;78;3.4;Gris clair
Mercedes;Classe glc;36500;2017;115000;Hybride;Automatique;4;10;5;62;2.6;Blanc
Toyota;Prius;15;2012;93700;Hybride;Automatique;4;5;5;92;4.0;Bleu clair
Porsche;Cayenne;76000;2019;83900;Hybride;Automatique;5;20;5;72;3.1;Noir
Porsche;Panamera;84500;2019;67782;Hybride;Automatique;4;19;5;64;2.8;Gris fonce
Volkswagen;Golf;19990;2018;103078;Hybride;Automatique;4;6;5;36;1.6;Gris
Citroen;Ds7;35900;2021;46000;Hybride;Automatique;4;10;5;36;1.6;Bleu
Volkswagen;Golf;19490;2015;84200;Hybride;Automatique;4;6;5;35;1.5;Gris fonce
Volkswagen;Golf;20490;2017;106000;Hybride;Automatique;4;6;5;36;1.6;Gris fonce
Citroen;Ds7;43600;2021;43200;Hybride;Automatique;4;11;5;34;1.5;Gris clair
Toyota;Yaris;13700;2020;37200;Hybride;Automatique;4;3;5;84;3.6;Blanc
Hyundai;Tucson;17799;2019;76934;Hybride;Manuelle;4;6;5;126;4.8;Beige clair
Mercedes;Classe glc;28490;2017;162628;Hybride;Automatique;4;10;5;62;2.6;Bleu
Audi;A3;19990;2016;82000;Hybride;Automatique;5;6;5;39;1.7;Gris fonce
Mercedes;Classe c;24980;2017;112161;Hybride;Automatique;4;10;5;48;2.1;Noir
Toyota;Corolla;23490;2020;37200;Hybride;Automatique;4;4;5;76;3.7;Marron
Citroen;Ds7;26990;2020;81000;Hybride;Automatique;4;9;5;36;1.6;Orange
Volvo;Xc90;29990;2018;180900;Hybride;Automatique;4;18;7;49;2.1;Blanc
Volkswagen;Golf;22990;2019;44900;Hybride;Automatique;4;6;5;40;1.9;Blanc
Toyota;Yaris;12990;2017;70000;Hybride;Automatique;4;3;5;75;3.3;Rouge
Ford;Mondeo;13490;2018;170000;Hybride;Automatique;4;7;5;89;4.2;Gris
Toyota;Prius;12990;2012;158200;Hybride;Automatique;4;5;5;89;3.9;Blanc
Lexus;Ux;25300;2020;59000;Hybride;Automatique;4;7;5;94;4.1;Noir
Porsche;Cayenne;74990;2019;64000;Hybride;Automatique;5;20;5;72;3.1;Noir
Porsche;Cayenne;83990;2020;62300;Hybride;Automatique;4;20;5;72;3.1;Noir
Kia;Niro;16990;2018;78002;Hybride;Automatique;4;5;5;79;3.4;Blanc
Audi;A3;18990;2015;97000;Hybride;Automatique;5;6;5;39;1.7;Noir
Toyota;Corolla;25990;2020;31200;Hybride;Automatique;4;7;5;85;3.8;Rouge
Citroen;Ds4;34990;2022;14000;Hybride;Automatique;4;10;5;32;1.4;Rouge
Toyota;C-hr;18800;2019;60500;Hybride;Automatique;4;4;5;86;3.8;Gris clair
Porsche;Panamera;66990;2020;103000;Hybride;Automatique;4;19;4;56;2.5;Noir
Toyota;Auris;13490;2016;121000;Hybride;Automatique;4;5;5;91;3.9;Beige
Lexus;Nx;26490;2020;89832;Hybride;Automatique;4;8;5;127;5.8;Blanc
Volkswagen;Golf;18990;2016;106633;Hybride;Automatique;4;6;5;35;1.5;Gris fonce
Mercedes;Classe a;32990;2020;22020;Hybride;Automatique;4;8;5;30;1.3;Gris
Toyota;Auris;15990;2016;80500;Hybride;Automatique;4;5;5;91;3.9;Noir
Toyota;Auris;15990;2015;39260;Hybride;Automatique;4;4;5;79;3.4;Blanc
Toyota;C-hr;20490;2019;71160;Hybride;Automatique;4;4;5;86;3.8;Gris
Lexus;Ct;19900;2019;83500;Hybride;Automatique;4;5;5;93;4.1;Noir
Porsche;Cayenne;146900;2019;43958;Hybride;Automatique;4;42;4;85;3.7;Noir
Porsche;Panamera;87900;2019;44782;Hybride;Automatique;4;19;4;56;2.5;Marron fonce
Porsche;Panamera;97900;2019;51283;Hybride;Automatique;4;19;5;64;2.8;Gris fonce
Toyota;Auris;18900;2018;45000;Hybride;Automatique;4;5;2;92;3.9;Gris
Toyota;Yaris;10990;2012;82820;Hybride;Automatique;4;3;5;85;3.7;Blanc
Mercedes;Classe glc;30490;2017;104500;Hybride;Automatique;4;10;5;59;2.5;Gris fonce
Toyota;C-hr;27999;2020;27200;Hybride;Automatique;4;7;5;92;4.0;Gris
Toyota;Yaris;14500;2018;20000;Hybride;Automatique;4;3;5;82;3.6;Blanc
Toyota;Prius;5000;2007;202831;Hybride;Automatique;4;4;5;104;4.3;Gris clair
Volkswagen;Golf;17490;2017;143000;Hybride;Automatique;5;6;5;36;1.6;Blanc
Peugeot;3008;11490;2014;130000;Hybride;Automatique;4;8;5;99;3.8;Blanc
Toyota;Yaris;8990;2012;82500;Hybride;Automatique;4;3;5;79;3.5;Gris
Mercedes;Classe glc;40990;2018;115000;Hybride;Automatique;4;10;5;62;2.6;Gris fonce
Kia;Niro;14900;2017;94962;Hybride;Automatique;4;5;5;88;3.8;Gris
Lexus;Nx;23499;2015;114093;Hybride;Automatique;4;8;5;123;5.3;Blanc
Audi;A3;19490;2016;105000;Hybride;Automatique;4;6;5;39;1.7;Gris fonce
Toyota;C-hr;19490;2019;45300;Hybride;Automatique;4;4;5;86;3.8;Gris clair
Volkswagen;Golf;23980;2020;79950;Hybride;Automatique;5;8;5;40;1.9;Gris fonce
Bmw;Serie 5;31500;2018;94197;Hybride;Automatique;4;8;5;46;2.0;Noir
Toyota;Rav 4;19990;2017;115177;Hybride;Automatique;4;8;5;116;5.0;Kaki
Toyota;Yaris;11490;2018;129585;Hybride;Automatique;4;3;5;75;3.3;Blanc
Toyota;Corolla;14990;2020;197214;Hybride;Automatique;4;7;5;85;3.7;Blanc
Hyundai;Ioniq;16990;2018;99780;Hybride;Automatique;4;5;5;79;3.4;Gris
Toyota;Corolla;19990;2020;85811;Hybride;Automatique;4;4;5;76;3.7;Gris
Toyota;Corolla;21990;2020;74558;Hybride;Automatique;4;7;5;85;3.7;Noir
Lexus;Nx;21990;2019;129459;Hybride;Automatique;4;8;5;127;5.7;Gris
Mercedes;Classe c;26990;2015;80000;Hybride;Automatique;4;11;5;94;3.6;Blanc
Porsche;Panamera;71990;2019;108000;Hybride;Automatique;4;19;5;56;2.5;Gris
Mini;Countryman;19990;2019;64950;Hybride;Automatique;4;6;5;55;2.4;Bleu
Volkswagen;Golf;16490;2016;131500;Hybride;Automatique;5;6;5;35;1.5;Blanc
Toyota;Rav 4;21490;2017;99990;Hybride;Automatique;4;8;5;117;5.0;Blanc
Audi;A3;15390;2015;132500;Hybride;Automatique;5;6;5;39;1.7;Rouge fonce
Toyota;C-hr;18999;2019;57900;Hybride;Automatique;4;4;5;86;3.8;Gris fonce
Toyota;Auris;20900;2018;4500;Hybride;Automatique;4;5;5;91;3.9;Gris fonce
Toyota;Yaris;11490;2015;121000;Hybride;Automatique;4;3;5;82;3.6;Rouge
Toyota;Auris;17990;2019;45000;Hybride;Automatique;4;5;5;91;3.9;Gris
Porsche;Cayenne;59990;2016;60000;Hybride;Automatique;4;20;5;79;3.4;Gris
Ford;Mondeo;20990;2018;47000;Hybride;Automatique;5;7;5;92;4.2;Noir
Porsche;Cayenne;27490;2012;192000;Hybride;Automatique;4;22;5;193;8.2;Marron
Mercedes;Classe gle;46990;2018;49900;Hybride;Automatique;4;20;5;84;3.7;Noir
Ford;Mondeo;19900;2017;50000;Hybride;Automatique;4;7;5;92;4.2;Gris clair
Lexus;Rx;25990;2014;94000;Hybride;Automatique;4;15;5;145;6.3;Gris
Porsche;Cayenne;35990;2017;197000;Hybride;Automatique;4;20;5;79;3.4;Noir
Jaguar;F-pace;63900;2022;42900;Hybride;Automatique;4;19;5;54;2.4;Noir
Toyota;C-hr;18890;2018;58000;Hybride;Automatique;4;4;5;86;3.8;Blanc
Volkswagen;Golf;18990;2017;105500;Hybride;Automatique;4;6;5;36;1.6;Blanc
Mini;Countryman;21490;2017;90812;Hybride;Automatique;4;6;5;55;2.4;Gris
Mercedes;Classe s;37990;2013;105000;Hybride;Automatique;4;19;5;159;6.8;Gris
Volvo;Xc90;39990;2018;87500;Hybride;Automatique;4;18;7;49;2.1;Blanc
Porsche;Cayenne;69900;2019;95875;Hybride;Automatique;4;20;5;72;3.1;Blanc
Porsche;Cayenne;42990;2015;154600;Hybride;Automatique;5;20;5;79;3.4;Noir
Toyota;Yaris;11490;2014;119000;Hybride;Automatique;4;3;5;75;3.3;Gris clair
Toyota;Camry;24990;2020;123703;Hybride;Automatique;4;9;5;98;4.3;Gris
Toyota;C-hr;21490;2020;32050;Hybride;Automatique;4;4;5;86;3.8;Gris clair
Peugeot;208;18500;2020;43000;Electrique;Automatique;4;4;5;0;0;Jaune
Kia;Niro;20990;2019;78000;Electrique;Automatique;4;1;5;0;0;Blanc
Mg;Mg5;25990;2023;6500;Electrique;Automatique;4;5;5;0;0;Gris Clair
Tesla;Model y;39990;2022;53000;Electrique;Automatique;4;11;5;0;0;Blanc
Renault;Zoe;10500;2020;63000;Electrique;Automatique;4;4;5;0;0;Blanc
Kia;Ev6;42000;2023;6000;Electrique;Automatique;4;4;5;0;0;Noir
Renault;Zoe;9750;2017;64500;Electrique;Automatique;4;1;5;0;0;Gris Fonce
Dacia;Spring;11500;2022;2750;Electrique;Automatique;4;2;4;0;0;Blanc
Dacia;Spring;12500;2022;7800;Electrique;Automatique;4;2;4;0;0;Gris Clair
Peugeot;2008;16000;2021;64500;Electrique;Automatique;4;4;5;0;0;Orange
Hyundai;Kona;22000;2019;8300;Electrique;Automatique;4;1;5;0;0;Bordeaux
Renault;Zoe;8500;2018;55100;Electrique;Automatique;4;1;5;0;0;Bleu Clair
Volkswagen;Up;15200;2022;22200;Electrique;Automatique;4;4;4;0;0;Gris Fonce
Renault;Zoe;16500;2021;43000;Electrique;Automatique;4;4;5;0;0;Gris Clair
Hyundai;Kona;26800;2021;10383;Electrique;Automatique;4;3;5;0;0;Gris Fonce
Volkswagen;Up;16700;2022;17000;Electrique;Automatique;4;4;4;0;0;Noir
Peugeot;208;19000;2020;50600;Electrique;Automatique;4;4;5;0;0;Bleu Clair
Opel;Mokka;23999;2022;9000;Electrique;Automatique;4;4;5;0;0;Vert
Mg;Mg4;22350;2023;9800;Electrique;Automatique;4;4;5;0;0;Noir
Tesla;Model 3;29900;2022;27300;Electrique;Automatique;4;7;5;0;0;Rouge
Peugeot;2008;24990;2022;26900;Electrique;Automatique;5;4;5;0;0;Blanc
Skoda;Enyaq;57072;2022;9000;Electrique;Automatique;5;5;5;0;0;Gris Fonce
Volkswagen;Id.buzz;56836;2022;10000;Electrique;Automatique;5;5;5;0;0;Bleu Fonce
Tesla;Model 3;31000;2021;31000;Electrique;Automatique;4;7;5;0;0;Gris Fonce
Renault;Megane iv;27400;2022;17189;Electrique;Automatique;4;4;5;0;0;Blanc
Renault;Twingo;13699;2021;48491;Electrique;Automatique;4;3;4;0;0;Bleu Clair
Renault;Zoe;14199;2020;70321;Electrique;Automatique;4;4;5;0;0;Blanc
Nissan;Leaf;19990;2021;19792;Electrique;Automatique;4;6;5;0;0;Noir
Renault;Zoe;15490;2020;29986;Electrique;Automatique;4;4;5;0;0;Blanc
Peugeot;208;19990;2022;32000;Electrique;Automatique;5;4;5;0;0;Bleu Clair
Renault;Zoe;7990;2019;27484;Electrique;Automatique;4;1;5;0;0;Blanc
Renault;Zoe;18799;2021;19293;Electrique;Automatique;4;4;5;0;0;Violet
Renault;Zoe;14990;2020;49208;Electrique;Automatique;4;4;5;0;0;Bleu Clair
Renault;Zoe;16390;2020;28708;Electrique;Automatique;4;1;5;0;0;Blanc
Tesla;Model 3;29990;2019;93222;Electrique;Automatique;4;9;5;0;0;Bleu
Nissan;Leaf;9450;2017;60300;Electrique;Automatique;4;3;5;0;0;Blanc
Citroen;C-zero;9500;2018;45805;Electrique;Automatique;2;1;4;0;0;Gris Clair
Mg;Mg.zs;15990;2021;47000;Electrique;Automatique;4;5;5;0;0;Blanc
Volkswagen;Id.buzz;56836;2022;12876;Electrique;Automatique;5;5;5;0;0;Bleu Clair
Peugeot;2008;34900;2023;6500;Electrique;Automatique;4;4;5;0;0;Rouge
Nissan;Leaf;14990;2020;57000;Electrique;Automatique;5;4;5;0;0;Rouge Fonce
Renault;Twingo iii;14990;2022;8026;Electrique;Automatique;4;3;4;0;0;Gris
Fiat;500;19990;2020;40182;Electrique;Automatique;2;3;4;0;0;Gris
Mini;Cooper s;22990;2020;32000;Electrique;Automatique;2;3;4;0;0;Vert
Tesla;Model 3;31990;2022;34000;Electrique;Automatique;4;6;5;0;0;Blanc
Renault;Zoe;7990;2015;42787;Electrique;Automatique;5;1;5;0;0;Blanc
Renault;Zoe;9990;2018;21045;Electrique;Automatique;5;1;5;0;0;Bleu
Renault;Zoe;10990;2018;50335;Electrique;Automatique;5;1;5;0;0;Noir
Renault;Kangoo;11590;2019;29434;Electrique;Automatique;2;7;2;0;0;Blanc
Dacia;Spring;12790;2021;21794;Electrique;Automatique;5;2;4;0;0;Gris
Renault;Zoe;12990;2020;27254;Electrique;Automatique;5;1;5;0;0;Gris
Renault;Twingo;13490;2021;37309;Electrique;Automatique;5;3;4;0;0;Blanc
Renault;Zoe;13490;2020;26767;Electrique;Automatique;5;4;5;0;0;Bleu
Hyundai;Kona;24900;2023;7105;Electrique;Automatique;4;2;5;0;0;Bordeaux
Mini;Cooper;25990;2021;14327;Electrique;Automatique;2;5;4;0;0;Gris
Renault;Zoe;10900;2020;26007;Electrique;Automatique;5;1;5;0;0;Noir
Renault;Zoe;11900;2020;42753;Electrique;Automatique;5;4;5;0;0;Blanc
Renault;Twingo;14990;2021;6349;Electrique;Automatique;5;3;4;0;0;Blanc
Nissan;Leaf;18490;2020;40639;Electrique;Automatique;5;4;5;0;0;Gris
Renault;Twingo;19900;2022;11197;Electrique;Automatique;5;3;4;0;0;Blanc
Nissan;Leaf;19990;2021;13383;Electrique;Automatique;5;6;5;0;0;Gris
Nissan;Leaf;21990;2020;37744;Electrique;Automatique;5;4;5;0;0;Gris
Renault;Megane;40900;2023;10500;Electrique;Automatique;5;4;5;0;0;Blanc
Renault;Zoe;10490;2020;80696;Electrique;Automatique;4;4;5;0;0;Blanc
Renault;Zoe;11478;2020;48413;Electrique;Automatique;4;1;5;0;0;Bleu
Renault;Zoe;11790;2019;60789;Electrique;Automatique;5;2;5;0;0;Bleu
Dacia;Spring;12989;2022;11848;Electrique;Automatique;4;2;4;0;0;Blanc
Renault;Twingo;19990;2022;4178;Electrique;Manuelle;5;3;4;0;0;Rouge
Renault;Twingo;23300;2024;1500;Electrique;Automatique;5;3;4;0;0;Rouge
Renault;Twingo;23931;2023;200;Electrique;Automatique;5;3;4;0;0;Gris
Renault;Zoe;32990;2023;1000;Electrique;Automatique;5;4;5;0;0;Blanc
Renault;Megane;33990;2022;2500;Electrique;Automatique;5;4;5;0;0;Bleu
Renault;Zoe;16900;2021;20776;Electrique;Automatique;5;4;5;0;0;Blanc
Renault;Zoe;16900;2021;30021;Electrique;Automatique;5;4;5;0;0;Blanc
Skoda;Enyaq;49990;2023;9990;Electrique;Automatique;5;5;5;0;0;Blanc
Skoda;Enyaq;57072;2022;8500;Electrique;Automatique;5;5;5;0;0;Noir
Peugeot;208;23490;2021;3750;Electrique;Automatique;5;4;5;0;0;Blanc
Mini;Cooper;26900;2021;9500;Electrique;Automatique;2;5;4;0;0;Vert
Renault;Zoe;6690;2015;64789;Electrique;Automatique;5;1;5;0;0;Blanc
Mg;Mg5;26582;2022;30000;Electrique;Automatique;5;5;5;0;0;Noir
Renault;Zoe;10990;2020;53512;Electrique;Automatique;5;4;5;0;0;Blanc
Renault;Twingo;13990;2020;28676;Electrique;Automatique;5;2;4;0;0;Noir
Renault;Twingo;14390;2022;3084;Electrique;Automatique;5;3;4;0;0;Blanc
Renault;Zoe;16590;2021;48563;Electrique;Automatique;5;4;5;0;0;Violet
Renault;Zoe;16790;2021;27079;Electrique;Automatique;5;4;5;0;0;Violet
Renault;Zoe;17990;2022;38259;Electrique;Automatique;5;4;5;0;0;Violet
Peugeot;208;20990;2020;42234;Electrique;Automatique;5;4;5;0;0;Rouge
Citroen;Ds3;24290;2021;15605;Electrique;Automatique;5;4;5;0;0;Blanc
Renault;Twingo;26490;2024;5000;Electrique;Automatique;5;3;4;0;0;Gris
Renault;Megane;38990;2023;9900;Electrique;Automatique;5;4;5;0;0;Blanc
Renault;Zoe;14990;2020;48000;Electrique;Automatique;5;4;5;0;0;Blanc
Hyundai;Ioniq 5;32990;2021;48000;Electrique;Automatique;5;4;5;0;0;Noir
Renault;Twingo;14990;2020;28223;Electrique;Automatique;5;3;4;0;0;Noir
Renault;Zoe;16990;2020;72022;Electrique;Automatique;5;4;5;0;0;Gris
Renault;Zoe;10590;2019;77204;Electrique;Automatique;5;2;5;0;0;Blanc
Renault;Twingo;12290;2020;20710;Electrique;Automatique;5;2;4;0;0;Vert
Renault;Twingo;13490;2020;17791;Electrique;Automatique;5;2;4;0;0;Bleu
Renault;Zoe;13999;2020;25476;Electrique;Automatique;5;4;5;0;0;Rouge
Renault;Twingo;14490;2021;13924;Electrique;Automatique;5;3;4;0;0;Blanc
Renault;Zoe;17890;2020;41065;Electrique;Automatique;5;4;5;0;0;Noir
Renault;Zoe;21999;2022;12987;Electrique;Automatique;5;4;5;0;0;Blanc
Peugeot;308;44300;2023;2000;Electrique;Automatique;4;4;5;0;0;Gris
Dacia;Spring;10490;2020;13925;Electrique;Automatique;5;2;4;0;0;Bleu
Renault;Twingo;12480;2020;38841;Electrique;Automatique;4;2;4;0;0;Bleu
Dacia;Spring;12990;2021;24604;Electrique;Automatique;5;2;4;0;0;Gris
Renault;Zoe;13490;2019;55989;Electrique;Automatique;5;1;5;0;0;Gris
Renault;Twingo;14490;2020;27659;Electrique;Automatique;5;2;4;0;0;Noir
Renault;Twingo;14990;2021;24819;Electrique;Automatique;5;2;4;0;0;Orange
Renault;Zoe;15990;2020;29978;Electrique;Automatique;5;4;5;0;0;Rouge Fonce
Renault;Twingo;17490;2022;1500;Electrique;Automatique;5;3;4;0;0;Bleu
Renault;Zoe;19990;2020;4026;Electrique;Automatique;5;4;5;0;0;Bleu
Renault;Twingo;24900;2024;6500;Electrique;Automatique;5;3;4;0;0;Gris
Renault;Zoe;26990;2023;5400;Electrique;Automatique;5;4;5;0;0;Gris
Renault;Megane;35990;2024;4500;Electrique;Automatique;5;4;5;0;0;Rouge
Renault;Kangoo;37000;2023;1442;Electrique;Automatique;4;7;2;0;0;Gris
Renault;Megane;40500;2024;6500;Electrique;Automatique;5;4;5;0;0;Rouge
Renault;Zoe;9590;2018;47513;Electrique;Automatique;5;2;5;0;0;Gris
Renault;Zoe;10590;2020;45206;Electrique;Automatique;5;4;5;0;0;Blanc
Renault;Twingo;11990;2021;32243;Electrique;Automatique;5;3;4;0;0;Blanc
Renault;Zoe;18490;2020;29238;Electrique;Automatique;5;4;5;0;0;Violet
Renault;Twingo;20700;2024;5000;Electrique;Automatique;5;3;4;0;0;Bleu
Renault;Megane;33900;2023;5000;Electrique;Automatique;5;4;5;0;0;Gris
Renault;Megane;36900;2023;5000;Electrique;Automatique;5;4;5;0;0;Blanc
Renault;Twizy;8490;2020;17995;Electrique;Automatique;2;2;2;0;0;Noir
Renault;Zoe;19390;2022;27724;Electrique;Automatique;5;4;5;0;0;Violet
Renault;Megane;31690;2022;13324;Electrique;Automatique;5;4;5;0;0;Noir
Renault;Zoe;32490;2023;2000;Electrique;Automatique;5;4;5;0;0;Blanc
Mercedes;Eqa;57200;2023;5407;Electrique;Automatique;4;7;5;0;0;Gris
Renault;Zoe;8990;2017;71870;Electrique;Automatique;5;1;5;0;0;Bleu
Renault;Zoe;10990;2019;83790;Electrique;Automatique;5;1;5;0;0;Blanc
Renault;Zoe;10990;2018;24459;Electrique;Automatique;5;1;5;0;0;Blanc
Dacia;Spring;12990;2021;27653;Electrique;Automatique;5;2;4;0;0;Bleu
Renault;Zoe;14290;2020;17485;Electrique;Automatique;5;4;5;0;0;Blanc
Renault;Zoe;16990;2020;35532;Electrique;Automatique;5;4;5;0;0;Gris
Renault;Zoe;19690;2020;43708;Electrique;Automatique;5;4;5;0;0;Blanc
Renault;Kangoo;35900;2023;5000;Electrique;Automatique;5;4;5;0;0;Gris
Tesla;Model 3;35990;2019;18159;Electrique;Automatique;5;11;5;0;0;Noir
Renault;Kangoo;39900;2023;5000;Electrique;Automatique;4;7;2;0;0;Gris
Renault;Zoe;12280;2020;59643;Electrique;Automatique;4;4;5;0;0;Blanc
Renault;Zoe;31790;2023;9367;Electrique;Automatique;5;4;5;0;0;Rouge Fonce
Renault;Megane;45890;2023;12135;Electrique;Automatique;5;4;5;0;0;Brun
Renault;Zoe;9990;2019;47130;Electrique;Automatique;5;1;5;0;0;Noir
Renault;Zoe;12990;2021;30590;Electrique;Automatique;5;4;5;0;0;Gris
Renault;Zoe;14990;2020;51871;Electrique;Automatique;5;4;5;0;0;Violet
Renault;Twingo;14990;2020;18932;Electrique;Automatique;5;2;4;0;0;Jaune
Renault;Zoe;16990;2020;45800;Electrique;Automatique;5;4;5;0;0;Bleu
Renault;Zoe;18900;2021;14773;Electrique;Automatique;5;4;5;0;0;Violet
Renault;Zoe;18950;2020;27235;Electrique;Automatique;5;4;5;0;0;Blanc
Renault;Zoe;19900;2020;18695;Electrique;Automatique;5;4;5;0;0;Gris
Renault;Twingo;22490;2023;6000;Electrique;Automatique;5;3;4;0;0;Rouge
Renault;Twingo;23990;2024;5000;Electrique;Automatique;5;3;4;0;0;Gris
Renault;Zoe;24990;2022;9900;Electrique;Automatique;5;4;5;0;0;Noir
Renault;Zoe;28990;2022;6000;Electrique;Automatique;5;4;5;0;0;Violet
Renault;Megane;31900;2022;10245;Electrique;Automatique;5;4;5;0;0;Rouge
Renault;Zoe;9990;2018;65679;Electrique;Automatique;5;1;5;0;0;Blanc
Renault;Zoe;12390;2020;49880;Electrique;Automatique;5;4;5;0;0;Blanc
Renault;Zoe;15990;2021;35900;Electrique;Automatique;5;4;5;0;0;Blanc
Renault;Zoe;25800;2023;7980;Electrique;Automatique;5;4;5;0;0;Blanc
Renault;Twingo;25800;2023;7980;Electrique;Automatique;5;3;4;0;0;Blanc
Renault;Zoe;28900;2022;12593;Electrique;Automatique;5;4;5;0;0;Brun
Renault;Kangoo;39990;2022;1500;Electrique;Automatique;4;7;2;0;0;Blanc
Tesla;Model 3;30900;2019;13000;Electrique;Automatique;4;4;5;0;0;Noir
Renault;Zoe;9600;2019;67756;Electrique;Automatique;5;1;5;0;0;Blanc
Renault;Zoe;12900;2019;44146;Electrique;Automatique;5;2;5;0;0;Gris Clair
Renault;Twingo;13990;2020;24857;Electrique;Automatique;5;2;4;0;0;Bleu
Renault;Twingo;13990;2021;20603;Electrique;Automatique;5;3;4;0;0;Bleu
Renault;Zoe;14900;2020;41327;Electrique;Automatique;5;4;5;0;0;Blanc
Renault;Zoe;16990;2020;8373;Electrique;Automatique;5;4;5;0;0;Blanc
Renault;Zoe;16990;2021;29486;Electrique;Automatique;5;4;5;0;0;Blanc
Nissan;Leaf;17990;2020;35619;Electrique;Automatique;5;4;5;0;0;Noir
Nissan;Leaf;19990;2022;36056;Electrique;Automatique;5;6;5;0;0;Blanc
Renault;Megane;28990;2022;31993;Electrique;Automatique;5;4;5;0;0;Bleu
Nissan;Ariya;54590;2024;250;Electrique;Automatique;5;3;5;0;0;Blanc
Kia;Niro;22990;2020;81608;Electrique;Automatique;4;1;5;0;0;Blanc
Kia;Ev6;55490;2023;7500;Electrique;Automatique;4;6;5;0;0;Rouge
Renault;Zoe;9490;2016;81000;Electrique;Manuelle;4;1;5;0;0;Blanc
Mazda;Mx-30;18990;2022;7743;Electrique;Automatique;4;6;5;0;0;Noir
Mazda;Mx-30;28990;2023;140;Electrique;Automatique;4;6;5;0;0;Noir
Renault;Megane;26990;2022;15638;Electrique;Automatique;5;4;5;0;0;Bleu Fonce
Tesla;Model 3;29750;2019;36026;Electrique;Automatique;4;11;5;0;0;Blanc
Nissan;Leaf;13480;2019;46700;Electrique;Automatique;5;4;5;0;0;Rouge
Citroen;C-zero;6950;2012;31000;Electrique;Automatique;4;1;4;0;0;Noir
Tesla;Model 3;30990;2020;61303;Electrique;Automatique;4;7;5;0;0;Bleu Fonce
Peugeot;2008;19990;2021;28000;Electrique;Automatique;4;4;5;0;0;Rouge
Peugeot;Ion;4490;2016;112066;Electrique;Automatique;4;1;4;0;0;Blanc
Porsche;Taycan;98800;2022;26600;Electrique;Automatique;4;10;4;0;0;Gris Fonce
Citroen;Ds3;23490;2020;17104;Electrique;Automatique;5;4;5;0;0;Gris Fonce
Hyundai;Kona;18900;2020;108127;Electrique;Automatique;5;1;5;0;0;Blanc
Smart;Forfour;10590;2017;22635;Electrique;Automatique;5;1;4;0;0;Gris Fonce
Hyundai;Kona;20990;2021;68867;Electrique;Automatique;5;3;5;0;0;Blanc
Tesla;Model 3;29990;2020;37028;Electrique;Automatique;4;9;5;0;0;Blanc
Mini;Cooper;21900;2020;50340;Electrique;Automatique;2;3;4;0;0;Noir
Bmw;X1;51990;2023;22500;Electrique;Automatique;4;7;5;0;0;Gris
Tesla;Model x;69450;2020;14260;Electrique;Automatique;4;15;6;0;0;Gris
Smart;Forfour;18990;2023;1990;Electrique;Automatique;5;3;4;0;0;Blanc
Tesla;Model 3;34900;2021;82807;Electrique;Automatique;4;12;5;0;0;Blanc
Renault;Zoe;7490;2018;32900;Electrique;Automatique;4;1;5;0;0;Blanc
Renault;Twingo;13490;2020;11300;Electrique;Automatique;4;3;4;0;0;Blanc
Peugeot;2008;20990;2020;31000;Electrique;Automatique;4;4;5;0;0;Bleu Clair
Tesla;Model 3;47990;2022;11900;Electrique;Automatique;4;12;5;0;0;Blanc
Tesla;Model x;65990;2019;55429;Electrique;Automatique;5;9;6;0;0;Rouge Fonce
Renault;Twingo iii;15990;2022;15300;Electrique;Automatique;5;3;4;0;0;Noir
Citroen;Ds3;21490;2021;12000;Electrique;Automatique;5;4;5;0;0;Blanc
Renault;Twingo iii;12500;2021;19005;Electrique;Automatique;4;3;4;0;0;Blanc
Dacia;Spring;12000;2023;13200;Electrique;Automatique;4;2;4;0;0;Gris Clair
Tesla;Model 3;36000;2021;34650;Electrique;Automatique;4;12;5;0;0;Noir
Renault;Zoe;19900;2020;27000;Electrique;Automatique;4;4;5;0;0;Bleu Fonce
Porsche;Taycan;137000;2022;8500;Electrique;Automatique;4;10;4;0;0;Gris Fonce
Renault;Zoe;11990;2019;41783;Electrique;Automatique;5;1;5;0;0;Rouge
Dacia;Spring;12490;2022;19000;Electrique;Automatique;5;2;4;0;0;Gris
Renault;Megane;33990;2022;6160;Electrique;Automatique;5;4;5;0;0;Blanc
Renault;Megane;37990;2022;19920;Electrique;Automatique;5;4;5;0;0;Noir
Renault;Zoe;14990;2020;17500;Electrique;Automatique;5;1;5;0;0;Rouge Fonce
Renault;Zoe;16990;2020;50032;Electrique;Automatique;5;4;5;0;0;Gris
Renault;Twingo;26290;2023;9302;Electrique;Automatique;5;3;4;0;0;Rouge
Renault;Zoe;16980;2021;51750;Electrique;Automatique;5;4;5;0;0;Violet
Renault;Zoe;16590;2020;27226;Electrique;Automatique;5;4;5;0;0;Blanc
Renault;Zoe;19800;2021;17133;Electrique;Automatique;5;4;5;0;0;Bleu
Renault;Megane;32490;2023;6000;Electrique;Automatique;5;4;5;0;0;Gris
Citroen;C4;22980;2021;15667;Electrique;Automatique;4;4;5;0;0;Blanc
Renault;Megane;27280;2022;31256;Electrique;Automatique;4;4;5;0;0;Blanc
Mg;Divers;35563;2024;8000;Electrique;Automatique;5;5;5;0;0;Blanc
Skoda;Enyaq;51857;2023;8500;Electrique;Automatique;5;5;5;0;0;Blanc
Skoda;Enyaq;57805;2022;11000;Electrique;Automatique;5;5;5;0;0;Noir
Volkswagen;Id.buzz;58349;2022;8000;Electrique;Automatique;5;5;5;0;0;Bleu Clair
Skoda;Enyaq;61145;2023;8500;Electrique;Automatique;5;5;5;0;0;Gris Clair
Peugeot;208;21900;2022;12505;Electrique;Automatique;5;4;5;0;0;Jaune
Ford;Mustang;59900;2023;3417;Electrique;Automatique;5;16;5;0;0;Gris Clair
Renault;Zoe;8490;2019;72454;Electrique;Automatique;5;2;5;0;0;Gris
Renault;Zoe;16590;2021;42530;Electrique;Automatique;5;4;5;0;0;Violet
Renault;Zoe;19990;2021;8302;Electrique;Automatique;5;4;5;0;0;Violet
Renault;Zoe;12490;2019;51243;Electrique;Automatique;5;1;5;0;0;Blanc
Renault;Zoe;17790;2021;32591;Electrique;Automatique;5;4;5;0;0;Blanc
Renault;Zoe;20490;2021;29639;Electrique;Automatique;5;4;5;0;0;Bleu
Peugeot;2008;27980;2023;1856;Electrique;Automatique;4;4;5;0;0;Gris
Renault;Zoe;9990;2019;44450;Electrique;Automatique;5;2;5;0;0;Gris
Renault;Twingo;12990;2021;35268;Electrique;Automatique;5;3;4;0;0;Gris
Renault;Twingo;13490;2021;42583;Electrique;Automatique;5;2;4;0;0;Jaune
Renault;Zoe;18990;2021;9739;Electrique;Automatique;5;4;5;0;0;Blanc
Dacia;Spring;22050;2023;7980;Electrique;Automatique;5;2;4;0;0;Bleu
Renault;Megane;40990;2023;6690;Electrique;Automatique;5;4;5;0;0;Blanc
Renault;Scenic;50490;2024;7980;Electrique;Automatique;5;4;5;0;0;Blanc
Mazda;Mx-30;16860;2022;21762;Electrique;Automatique;4;6;5;0;0;Bleu
Renault;Kangoo;11990;2020;43261;Electrique;Automatique;2;7;2;0;0;Blanc
Renault;Zoe;13490;2021;19896;Electrique;Automatique;5;4;5;0;0;Rouge Fonce
Renault;Twingo;13590;2022;10973;Electrique;Automatique;5;3;4;0;0;Blanc
Dacia;Spring;14990;2023;420;Electrique;Automatique;5;2;4;0;0;Blanc
Opel;Corsa;18990;2022;11413;Electrique;Automatique;5;4;5;0;0;Noir
Renault;Zoe;19990;2022;23295;Electrique;Automatique;5;4;5;0;0;Gris
Honda;E ny1;34930;2023;10000;Electrique;Automatique;5;4;5;0;0;Noir
Honda;E ny1;34930;2023;8000;Electrique;Automatique;5;4;5;0;0;Blanc
Volkswagen;Up;28990;2024;2000;Electrique;Automatique;5;4;4;0;0;Gris Clair
Skoda;Enyaq;46687;2023;8500;Electrique;Automatique;5;5;5;0;0;Gris Fonce
Audi;Q4;59900;2022;13950;Electrique;Automatique;5;5;5;0;0;Blanc
Skoda;Enyaq;60108;2022;10000;Electrique;Automatique;5;5;5;0;0;Gris Fonce
Volkswagen;Id.buzz;62465;2022;7000;Electrique;Automatique;5;5;5;0;0;Jaune
Audi;Q4;63790;2023;5000;Electrique;Automatique;5;5;5;0;0;Noir
Audi;Q4;63900;2022;20000;Electrique;Automatique;5;5;5;0;0;Gris Fonce
Volkswagen;Id.7;64920;2023;8000;Electrique;Automatique;5;6;5;0;0;Blanc
Audi;E-tron;99900;2022;11290;Electrique;Automatique;4;10;5;0;0;Gris Clair
Audi;Q8;105900;2023;1500;Electrique;Automatique;5;12;5;0;0;Blanc
Hyundai;Kona;22790;2021;18104;Electrique;Automatique;5;2;5;0;0;Bleu Fonce
Volkswagen;Id.3;30090;2021;35000;Electrique;Automatique;5;5;5;0;0;Gris Fonce
Audi;E-tron;71190;2022;9000;Electrique;Automatique;5;12;5;0;0;Bleu Clair
Smart;Forfour;11590;2019;39600;Electrique;Automatique;5;1;4;0;0;Orange Fonce
Hyundai;Ioniq;22390;2022;31009;Electrique;Automatique;5;2;5;0;0;Gris Fonce
Peugeot;2008;22790;2020;20700;Electrique;Automatique;5;4;5;0;0;Orange Clair
Volkswagen;Id.3;24190;2020;38930;Electrique;Automatique;5;5;5;0;0;Gris Clair
Hyundai;Ioniq 5;32090;2021;25676;Electrique;Automatique;5;3;5;0;0;Blanc
Skoda;Enyaq;37090;2021;27655;Electrique;Automatique;5;5;5;0;0;Gris Clair
Mazda;Mx-30;29390;2023;2000;Electrique;Automatique;4;6;5;0;0;Bleu
Opel;Corsa;27790;2024;500;Electrique;Automatique;4;4;5;0;0;Noir
Hyundai;Ioniq;15490;2019;61000;Electrique;Automatique;4;1;5;0;0;Blanc
Tesla;Model 3;51989;2022;19400;Electrique;Automatique;4;11;5;0;0;Rouge
Audi;Q4;44500;2021;42219;Electrique;Automatique;5;5;5;0;0;Noir
Renault;Zoe;17990;2022;10990;Electrique;Automatique;4;4;5;0;0;Blanc
Renault;Zoe;9990;2016;52000;Electrique;Automatique;5;1;5;0;0;Gris
Renault;Zoe;12500;2018;61163;Electrique;Automatique;5;1;5;0;0;Blanc
Renault;Zoe;17990;2020;25737;Electrique;Automatique;5;4;5;0;0;Noir
Nissan;Leaf;14479;2019;53882;Electrique;Automatique;4;4;5;0;0;Blanc
Renault;Zoe;14990;2020;75801;Electrique;Automatique;5;4;5;0;0;Violet
Peugeot;208;16977;2020;75568;Electrique;Automatique;4;4;5;0;0;Bleu
Renault;Twingo;24990;2023;4573;Electrique;Automatique;5;3;4;0;0;Bleu
Renault;Zoe;32590;2024;614;Electrique;Automatique;5;4;5;0;0;Gris
Volkswagen;Up;24000;2023;8000;Electrique;Automatique;5;4;4;0;0;Rouge Fonce
Kia;Niro;33490;2023;30990;Electrique;Automatique;5;4;5;0;0;Blanc
Smart;Fortwo;10490;2017;43020;Electrique;Automatique;2;1;2;0;0;Marron
Renault;Megane;27990;2022;6491;Electrique;Automatique;5;4;5;0;0;Blanc
Renault;Zoe;10979;2019;67029;Electrique;Automatique;4;1;5;0;0;Blanc
Renault;Zoe;11990;2019;51261;Electrique;Automatique;5;2;5;0;0;Violet
Renault;Zoe;13990;2019;39949;Electrique;Automatique;5;1;5;0;0;Bleu
Renault;Zoe;21290;2020;25077;Electrique;Automatique;5;4;5;0;0;Blanc
Citroen;Ds3;21482;2020;28400;Electrique;Automatique;4;4;5;0;0;Blanc
Opel;Corsa;18980;2020;65514;Electrique;Automatique;4;4;5;0;0;Bleu
Opel;Mokka;25890;2021;5180;Electrique;Automatique;4;4;5;0;0;Rouge
Opel;Corsa;28490;2024;500;Electrique;Automatique;4;4;5;0;0;Blanc
Hyundai;Kona;23200;2020;56164;Electrique;Automatique;4;3;5;0;0;Noir
Peugeot;2008;36990;2023;150;Electrique;Automatique;4;4;5;0;0;Rouge
Renault;Zoe;8490;2015;62997;Electrique;Automatique;5;1;5;0;0;Blanc
Renault;Zoe;12990;2020;8965;Electrique;Automatique;5;4;5;0;0;Blanc
Renault;Zoe;15990;2021;46947;Electrique;Automatique;5;4;5;0;0;Gris
Peugeot;2008;19990;2021;26032;Electrique;Automatique;5;4;5;0;0;Bleu
Renault;Megane;43990;2024;6874;Electrique;Automatique;5;4;5;0;0;Noir
Renault;Zoe;12290;2019;39154;Electrique;Automatique;5;2;5;0;0;Bleu
Renault;Zoe;13990;2020;24862;Electrique;Automatique;5;4;5;0;0;Rouge
Renault;Twingo;15990;2022;8959;Electrique;Automatique;5;3;4;0;0;Noir
Renault;Megane;27990;2022;16000;Electrique;Automatique;5;4;5;0;0;Blanc
Renault;Megane;41490;2023;9000;Electrique;Automatique;5;4;5;0;0;Bleu
Peugeot;2008;24980;2022;7295;Electrique;Automatique;4;4;5;0;0;Orange
Renault;Zoe;7490;2015;73709;Electrique;Automatique;4;1;5;0;0;Blanc
Tesla;Model 3;38200;2023;28000;Electrique;Automatique;5;6;5;0;0;Blanc
Nissan;Leaf;8799;2016;42009;Electrique;Automatique;4;3;5;0;0;Blanc
Renault;Twingo;14499;2022;17891;Electrique;Automatique;4;3;4;0;0;Jaune
Hyundai;Kona;18499;2020;72100;Electrique;Automatique;4;1;5;0;0;Bleu
Nissan;Leaf;10000;2015;37161;Electrique;Automatique;4;3;5;0;0;Gris
Audi;E-tron;48999;2020;22453;Electrique;Automatique;4;12;5;0;0;Argent
Bmw;X1;54999;2023;19432;Electrique;Automatique;4;7;5;0;0;Kaki
Bmw;Serie 5;81990;2023;6000;Electrique;Automatique;4;7;5;0;0;Gris
Opel;Mokka;21999;2021;36810;Electrique;Automatique;4;4;5;0;0;Vert
Mini;Cooper;23498;2021;29084;Electrique;Automatique;2;5;4;0;0;Noir
Mini;Cooper;23499;2021;38151;Electrique;Automatique;2;5;4;0;0;Gris
Mini;Cooper;24498;2021;21800;Electrique;Automatique;2;5;4;0;0;Blanc
Ford;Mustang;38999;2021;31800;Electrique;Automatique;4;7;5;0;0;Blanc
Peugeot;208;19498;2021;45554;Electrique;Automatique;4;4;5;0;0;Bleu
Fiat;500;19499;2022;12120;Electrique;Automatique;2;3;4;0;0;Rose
Opel;Corsa;19998;2021;9345;Electrique;Automatique;4;4;5;0;0;Blanc
Mini;Cooper;20499;2020;53919;Electrique;Automatique;4;3;4;0;0;Vert
Peugeot;208;21499;2021;27528;Electrique;Automatique;4;4;5;0;0;Blanc
Peugeot;2008;23999;2020;41261;Electrique;Automatique;4;4;5;0;0;Rouge
Bmw;X1;53999;2023;10588;Electrique;Automatique;4;7;5;0;0;Blanc
Renault;Zoe;11999;2018;47500;Electrique;Automatique;4;2;5;0;0;Bleu
Mini;Cooper;20499;2020;57043;Electrique;Automatique;4;3;4;0;0;Blanc
Mini;Cooper;21999;2020;24771;Electrique;Automatique;4;3;4;0;0;Blanc
Citroen;Ds3;23498;2021;20864;Electrique;Automatique;4;4;5;0;0;Blanc
Mini;Cooper;24449;2021;22953;Electrique;Automatique;2;5;4;0;0;Noir
Mini;Cooper;25999;2021;26519;Electrique;Automatique;2;3;4;0;0;Noir
Mini;Cooper;25999;2021;9673;Electrique;Automatique;2;5;4;0;0;Blanc
Honda;Honda e;21499;2021;39300;Electrique;Automatique;4;4;4;0;0;Bleu
Mini;Cooper;21499;2020;25000;Electrique;Automatique;4;3;4;0;0;Gris
Hyundai;Kona;21999;2019;65900;Electrique;Automatique;4;1;5;0;0;Bleu
Renault;Zoe;11499;2017;52145;Electrique;Automatique;4;1;5;0;0;Gris
Citroen;Ds3;20999;2020;38850;Electrique;Automatique;4;2;5;0;0;Noir
Renault;Zoe;8999;2019;69710;Electrique;Automatique;4;1;5;0;0;Blanc
Fiat;500;15000;2021;32129;Electrique;Automatique;2;3;4;0;0;Blanc
Fiat;500;15999;2022;9343;Electrique;Automatique;2;3;4;0;0;Blanc
Fiat;500;17499;2021;11964;Electrique;Automatique;2;3;4;0;0;Noir
Peugeot;208;18799;2020;36628;Electrique;Automatique;4;4;5;0;0;Bleu
Fiat;500;24999;2024;211;Electrique;Automatique;2;3;4;0;0;Blanc
Fiat;500;29499;2023;3511;Electrique;Automatique;2;3;4;0;0;Blanc
Fiat;Tipo;33950;2023;511;Electrique;Automatique;4;4;5;0;0;Orange
Fiat;500;33999;2023;4511;Electrique;Automatique;4;3;4;0;0;Vert
Jeep;Avenger;41200;2024;2511;Electrique;Automatique;4;4;5;0;0;Jaune
Fiat;Ulysse;45999;2022;511;Electrique;Automatique;4;4;8;0;0;Gris
Renault;Twingo;12999;2020;27755;Electrique;Automatique;4;3;4;0;0;Bleu
Dacia;Spring;12999;2021;14695;Electrique;Automatique;4;2;4;0;0;Bleu
Renault;Zoe;31999;2023;5500;Electrique;Automatique;4;4;5;0;0;Rouge
Renault;Zoe;12999;2020;17795;Electrique;Automatique;4;2;5;0;0;Gris
Renault;Twingo;13498;2021;45995;Electrique;Automatique;4;3;4;0;0;Rouge
Renault;Zoe;16999;2021;23255;Electrique;Automatique;4;4;5;0;0;Violet
Renault;Megane;31998;2022;19995;Electrique;Automatique;4;4;5;0;0;Gris
Renault;Zoe;7999;2016;52000;Electrique;Automatique;4;1;5;0;0;Bleu
Renault;Zoe;7999;2016;69779;Electrique;Automatique;4;1;5;0;0;Blanc
Renault;Zoe;7999;2017;71390;Electrique;Automatique;4;1;5;0;0;Blanc
Renault;Zoe;8799;2018;95500;Electrique;Automatique;4;1;5;0;0;Violet
Renault;Zoe;10999;2020;42465;Electrique;Automatique;4;4;5;0;0;Blanc
Renault;Zoe;11499;2020;37095;Electrique;Automatique;4;4;5;0;0;Bleu
Renault;Zoe;11999;2020;25195;Electrique;Automatique;4;1;5;0;0;Bleu
Renault;Zoe;12999;2021;46633;Electrique;Automatique;4;4;5;0;0;Gris
Peugeot;208;18498;2020;42395;Electrique;Automatique;4;4;5;0;0;Jaune
Volkswagen;Id.3;27499;2020;18095;Electrique;Automatique;4;5;4;0;0;Gris
Renault;Zoe;8499;2018;52487;Electrique;Automatique;4;1;5;0;0;Blanc
Renault;Zoe;10000;2016;49755;Electrique;Automatique;4;1;5;0;0;Bleu
Renault;Zoe;11499;2019;23132;Electrique;Automatique;4;1;5;0;0;Blanc
Renault;Zoe;12499;2020;21948;Electrique;Automatique;4;4;5;0;0;Violet
Renault;Zoe;13499;2020;70891;Electrique;Automatique;4;1;5;0;0;Bleu
Renault;Zoe;15499;2021;47108;Electrique;Automatique;4;4;5;0;0;Gris
Renault;Zoe;15499;2021;41023;Electrique;Automatique;4;4;5;0;0;Blanc
Kia;Soul;20000;2019;68912;Electrique;Automatique;4;1;5;0;0;Bleu
Nissan;Ariya;47499;2022;9000;Electrique;Automatique;4;3;5;0;0;Blanc
Dacia;Spring;11999;2021;35639;Electrique;Automatique;4;2;4;0;0;Gris
Renault;Zoe;12999;2020;16417;Electrique;Automatique;4;2;5;0;0;Gris
Renault;Zoe;13499;2020;40000;Electrique;Automatique;4;4;5;0;0;Rouge
Renault;Twingo;14499;2020;25757;Electrique;Automatique;4;2;4;0;0;Noir
Renault;Zoe;15499;2020;30119;Electrique;Automatique;4;4;5;0;0;Bleu
Nissan;Leaf;16499;2021;38929;Electrique;Automatique;4;6;5;0;0;Gris
Nissan;Leaf;16499;2021;20391;Electrique;Automatique;4;6;5;0;0;Noir
Hyundai;Ioniq;20499;2021;37146;Electrique;Automatique;4;2;5;0;0;Gris
Citroen;Ds3;22999;2020;21067;Electrique;Automatique;4;4;5;0;0;Blanc
Hyundai;Kona;26999;2021;12521;Electrique;Automatique;4;3;5;0;0;Bleu
Renault;Zoe;11499;2020;38292;Electrique;Automatique;4;1;5;0;0;Rouge
Renault;Zoe;11499;2019;39000;Electrique;Automatique;4;1;5;0;0;Bleu
Renault;Zoe;11499;2020;36621;Electrique;Automatique;4;4;5;0;0;Blanc
Renault;Zoe;11499;2020;39930;Electrique;Automatique;4;1;5;0;0;Bleu
Renault;Zoe;12499;2020;17791;Electrique;Automatique;4;4;5;0;0;Blanc
Renault;Zoe;15000;2020;61780;Electrique;Automatique;4;1;5;0;0;Gris
Peugeot;208;18498;2020;48219;Electrique;Automatique;4;4;5;0;0;Jaune
Hyundai;Ioniq 5;31999;2022;6000;Electrique;Automatique;4;3;5;0;0;Noir
Hyundai;Kona;35490;2023;6000;Electrique;Automatique;4;3;5;0;0;Bleu
Hyundai;Ioniq 6;40980;2023;6000;Electrique;Automatique;4;4;5;0;0;Blanc
Hyundai;Ioniq 6;46990;2023;6000;Electrique;Automatique;4;4;5;0;0;Noir
Hyundai;Ioniq 5;57990;2023;6000;Electrique;Automatique;4;4;5;0;0;Or
Volvo;Xc40;60999;2024;5900;Electrique;Automatique;4;9;5;0;0;Blanc
Volvo;C40;65999;2024;5900;Electrique;Automatique;4;14;5;0;0;Argent
Hyundai;Kona;23999;2021;34358;Electrique;Automatique;4;3;5;0;0;Blanc
Mini;Cooper;24498;2021;27577;Electrique;Automatique;2;5;4;0;0;Rouge
Volvo;Xc40;34999;2022;22860;Electrique;Automatique;4;6;5;0;0;Gris
Volvo;Xc40;37999;2021;65705;Electrique;Automatique;4;12;5;0;0;Noir
Volvo;Xc40;41999;2020;39690;Electrique;Automatique;4;6;5;0;0;Gris
Volvo;Xc40;44999;2022;14900;Electrique;Automatique;4;6;5;0;0;Gris
Volvo;C40;55999;2023;9900;Electrique;Automatique;4;9;5;0;0;Argent
Volvo;Xc40;55999;2022;14900;Electrique;Automatique;4;12;5;0;0;Gris
Volvo;Xc40;56499;2024;7900;Electrique;Automatique;4;9;5;0;0;Blanc
Volvo;C40;57999;2023;8900;Electrique;Automatique;4;9;5;0;0;Bleu
Volvo;C40;62999;2023;5900;Electrique;Automatique;4;9;5;0;0;Gris
Volvo;Xc40;36999;2022;16061;Electrique;Automatique;4;6;5;0;0;Bleu
Renault;Zoe;18999;2021;21569;Electrique;Automatique;4;4;5;0;0;Violet
Fiat;500;20000;2021;24534;Electrique;Automatique;4;3;4;0;0;Blanc
Peugeot;208;20498;2021;29953;Electrique;Automatique;4;4;5;0;0;Blanc
Peugeot;2008;22499;2020;43553;Electrique;Automatique;4;4;5;0;0;Bleu
Renault;Zoe;15499;2020;38429;Electrique;Automatique;4;4;5;0;0;Blanc
Mini;Cooper;21498;2020;32201;Electrique;Automatique;4;3;4;0;0;Blanc
Hyundai;Kona;25499;2020;29500;Electrique;Automatique;4;3;5;0;0;Bleu
Renault;Zoe;10499;2020;26095;Electrique;Automatique;4;4;5;0;0;Blanc
Renault;Twingo;14298;2022;18778;Electrique;Automatique;4;3;4;0;0;Noir
Opel;Mokka;26999;2022;17500;Electrique;Automatique;4;4;5;0;0;Blanc
Kia;Ev6;42999;2022;18798;Electrique;Automatique;4;6;5;0;0;Noir
Nissan;Leaf;13999;2019;60252;Electrique;Automatique;4;4;5;0;0;Gris
Hyundai;Ioniq;20999;2022;28131;Electrique;Automatique;4;2;5;0;0;Gris
Toyota;Bz4x;39999;2023;8000;Electrique;Automatique;4;4;5;0;0;Gris
Toyota;Bz4x;38900;2024;6500;Electrique;Automatique;4;5;5;0;0;Gris
Lexus;Ux;39498;2022;10500;Electrique;Automatique;4;4;5;0;0;Gris
Toyota;Bz4x;41499;2023;9499;Electrique;Automatique;4;4;5;0;0;Bleu
Citroen;Ds3;20000;2020;77594;Electrique;Automatique;4;4;5;0;0;Gris
Fiat;500;21999;2020;20031;Electrique;Automatique;2;3;4;0;0;Bleu
Toyota;Proace city;29999;2023;6450;Electrique;Automatique;4;7;5;0;0;Gris
Lexus;Rz;58999;2023;6000;Electrique;Automatique;4;10;5;0;0;Cuivre
Nissan;Leaf;17998;2021;5278;Electrique;Automatique;4;6;5;0;0;Blanc
Mini;Cooper;21998;2020;21899;Electrique;Automatique;4;3;4;0;0;Rouge
Toyota;Proace city;32980;2023;4999;Electrique;Automatique;4;7;5;0;0;Blanc
Toyota;Bz4x;39999;2023;4999;Electrique;Automatique;4;4;5;0;0;Gris
Toyota;Bz4x;39990;2023;6000;Electrique;Automatique;4;4;5;0;0;Gris
Toyota;Bz4x;40698;2023;5999;Electrique;Automatique;4;4;5;0;0;Gris
Nissan;Leaf;16999;2021;17354;Electrique;Automatique;4;6;5;0;0;Gris
Mini;Cooper;23999;2020;20498;Electrique;Automatique;2;3;4;0;0;Vert
Peugeot;208;16999;2020;67528;Electrique;Automatique;4;4;5;0;0;Blanc
Peugeot;208;30799;2024;6000;Electrique;Automatique;4;4;5;0;0;Jaune
Peugeot;2008;34299;2024;6000;Electrique;Automatique;4;4;5;0;0;Gris
Peugeot;2008;34799;2023;6000;Electrique;Automatique;4;4;5;0;0;Gris
Peugeot;208;35799;2024;6000;Electrique;Automatique;4;4;5;0;0;Noir
Peugeot;2008;26998;2022;10826;Electrique;Automatique;4;4;5;0;0;Bleu
Peugeot;Partner tepee;11799;2018;86630;Electrique;Automatique;4;1;5;0;0;Bleu
Peugeot;208;18498;2020;37195;Electrique;Automatique;4;4;5;0;0;Rouge
Peugeot;208;18499;2020;23321;Electrique;Automatique;4;4;5;0;0;Jaune
Hyundai;Kona;18998;2020;36962;Electrique;Automatique;4;2;5;0;0;Rouge
Opel;Corsa;18999;2021;32691;Electrique;Automatique;4;4;5;0;0;Rouge
Hyundai;Kona;20499;2020;38147;Electrique;Automatique;4;2;5;0;0;Gris
Peugeot;2008;24998;2021;24697;Electrique;Automatique;4;4;5;0;0;Rouge
Peugeot;2008;34999;2023;6000;Electrique;Automatique;4;4;5;0;0;Orange
Nissan;Leaf;14998;2019;43227;Electrique;Automatique;4;4;5;0;0;Rouge
Peugeot;208;18498;2021;60395;Electrique;Automatique;4;4;5;0;0;Jaune
Peugeot;2008;21498;2020;39668;Electrique;Automatique;4;4;5;0;0;Blanc
Peugeot;2008;22998;2020;40000;Electrique;Automatique;4;4;5;0;0;Bleu
Peugeot;208;23998;2022;6553;Electrique;Automatique;4;4;5;0;0;Jaune
Peugeot;2008;23999;2021;36174;Electrique;Automatique;4;4;5;0;0;Orange
Audi;Q4;44999;2022;21491;Electrique;Automatique;4;5;5;0;0;Blanc
Renault;Zoe;15499;2020;39978;Electrique;Automatique;4;4;5;0;0;Blanc
Nissan;Leaf;16999;2020;26808;Electrique;Automatique;4;4;5;0;0;Violet
Renault;Zoe;16999;2020;48983;Electrique;Automatique;4;1;5;0;0;Noir
Peugeot;208;17498;2020;60372;Electrique;Automatique;4;4;5;0;0;Gris
Peugeot;208;18998;2020;32302;Electrique;Automatique;4;4;5;0;0;Rouge
Peugeot;208;19499;2022;26787;Electrique;Automatique;4;4;5;0;0;Jaune
Peugeot;208;20998;2021;13815;Electrique;Automatique;4;4;5;0;0;Noir
Citroen;Ds3;23499;2020;21879;Electrique;Automatique;4;4;5;0;0;Gris
Mini;Cooper;24499;2020;16760;Electrique;Automatique;2;3;4;0;0;Bleu
Peugeot;2008;39900;2023;6000;Electrique;Automatique;4;4;5;0;0;Blanc
Peugeot;2008;41499;2023;8000;Electrique;Automatique;4;4;5;0;0;Blanc
Peugeot;208;19998;2021;35832;Electrique;Automatique;4;4;5;0;0;Blanc
Peugeot;2008;23999;2021;28215;Electrique;Automatique;4;4;5;0;0;Blanc
Peugeot;2008;40999;2024;6000;Electrique;Automatique;4;4;5;0;0;Bleu
Opel;Corsa;16999;2020;56077;Electrique;Automatique;4;4;5;0;0;Orange
Peugeot;208;30499;2023;6000;Electrique;Automatique;4;4;5;0;0;Jaune
Peugeot;208;36699;2023;6000;Electrique;Automatique;4;4;5;0;0;Bleu
Opel;Mokka;37399;2023;1000;Electrique;Automatique;4;4;5;0;0;Gris
Peugeot;208;17999;2020;18961;Electrique;Automatique;4;4;5;0;0;Jaune
Peugeot;2008;21999;2020;45100;Electrique;Automatique;4;2;5;0;0;Orange
Nissan;Leaf;11498;2017;29287;Electrique;Automatique;4;3;5;0;0;Blanc
Peugeot;208;18798;2020;33113;Electrique;Automatique;4;4;5;0;0;Gris
Peugeot;208;20000;2021;16384;Electrique;Automatique;4;4;5;0;0;Rouge
Peugeot;2008;21998;2021;47233;Electrique;Automatique;4;4;5;0;0;Blanc
Opel;Combo vp;30999;2023;1377;Electrique;Automatique;4;4;5;0;0;Blanc
Opel;Corsa;20000;2022;5900;Electrique;Automatique;4;4;5;0;0;Blanc
Peugeot;208;20498;2021;21924;Electrique;Automatique;4;4;5;0;0;Gris
Peugeot;2008;21998;2020;23488;Electrique;Automatique;4;4;5;0;0;Blanc
Peugeot;2008;21999;2021;40055;Electrique;Automatique;4;4;5;0;0;Blanc
Opel;Corsa;29990;2023;5500;Electrique;Automatique;4;4;5;0;0;Gris
Opel;Mokka;32999;2022;11590;Electrique;Automatique;4;4;5;0;0;Noir
Opel;Corsa;33999;2023;150;Electrique;Automatique;4;4;5;0;0;Blanc
Opel;Mokka;38999;2023;5000;Electrique;Automatique;4;4;5;0;0;Bleu
Opel;Astra;39990;2023;5000;Electrique;Automatique;4;4;5;0;0;Bleu
Opel;Corsa;18499;2020;32395;Electrique;Automatique;4;4;5;0;0;Rouge
Peugeot;208;20499;2021;26000;Electrique;Automatique;4;4;5;0;0;Blanc
Opel;Mokka;23999;2021;18490;Electrique;Automatique;4;4;5;0;0;Blanc
Opel;Mokka;25999;2022;15353;Electrique;Automatique;4;4;5;0;0;Blanc
Opel;Mokka;27998;2022;10380;Electrique;Automatique;4;4;5;0;0;Rouge
Opel;Corsa;27999;2024;5000;Electrique;Automatique;4;4;5;0;0;Rouge
Volkswagen;Id.4;33998;2022;44534;Electrique;Automatique;4;5;5;0;0;Gris
Opel;Zafira;39998;2020;6000;Electrique;Automatique;4;4;6;0;0;Noir
Opel;Combo vp;31999;2023;1000;Electrique;Automatique;4;4;5;0;0;Bleu
Opel;Corsa;32999;2023;5000;Electrique;Automatique;4;4;5;0;0;Gris
Fiat;500;32999;2023;6000;Electrique;Automatique;2;3;4;0;0;Gris
Opel;Mokka;35599;2023;5000;Electrique;Automatique;4;4;5;0;0;Noir
Nissan;Leaf;11998;2018;80216;Electrique;Automatique;4;3;5;0;0;Blanc
Renault;Twingo;15000;2021;14998;Electrique;Automatique;4;3;4;0;0;Vert
Opel;Corsa;16499;2020;71858;Electrique;Automatique;4;4;5;0;0;Orange
Opel;Corsa;16999;2021;55534;Electrique;Automatique;4;4;5;0;0;Gris
Opel;Corsa;17498;2020;40166;Electrique;Automatique;4;4;5;0;0;Orange
Fiat;500;22499;2022;23998;Electrique;Automatique;2;3;4;0;0;Vert
Fiat;500;22499;2022;5000;Electrique;Automatique;2;3;4;0;0;Blanc
Fiat;500;22999;2022;10542;Electrique;Automatique;2;3;4;0;0;Rose
Opel;Mokka;30498;2022;11000;Electrique;Automatique;4;4;5;0;0;Rouge
Nissan;Leaf;15499;2019;32980;Electrique;Automatique;4;4;5;0;0;Blanc
Peugeot;208;17498;2020;37986;Electrique;Automatique;4;4;5;0;0;Jaune
Opel;Corsa;17499;2020;34500;Electrique;Automatique;4;1;5;0;0;Orange
Fiat;500;19499;2021;17681;Electrique;Automatique;2;3;4;0;0;Blanc
Opel;Mokka;23999;2021;16701;Electrique;Automatique;4;4;5;0;0;Noir
Opel;Mokka;23999;2021;37498;Electrique;Automatique;4;4;5;0;0;Vert
Opel;Corsa;27990;2024;5000;Electrique;Automatique;4;4;5;0;0;Gris
Opel;Astra;34990;2023;5000;Electrique;Automatique;4;4;5;0;0;Bleu
Dacia;Spring;13999;2022;19039;Electrique;Automatique;4;2;4;0;0;Gris
Nissan;Leaf;17499;2021;8265;Electrique;Automatique;4;6;5;0;0;Gris
Opel;Mokka;26499;2021;11949;Electrique;Automatique;4;4;5;0;0;Noir
Opel;Mokka;27998;2022;5000;Electrique;Automatique;4;4;5;0;0;Noir
Abarth;500;32999;2023;5000;Electrique;Automatique;2;3;4;0;0;Noir
Opel;Astra;39499;2023;5000;Electrique;Automatique;4;4;5;0;0;Bleu
Nissan;Leaf;8799;2016;95420;Electrique;Automatique;4;3;5;0;0;Blanc
Nissan;Leaf;12999;2018;66552;Electrique;Automatique;4;3;5;0;0;Bronze
Nissan;Leaf;15000;2021;50731;Electrique;Automatique;4;6;5;0;0;Noir
